municipality_name,age_gr,sex,pop
Elektrėnų sav.,0–4,Vyras,524
Elektrėnų sav.,0–4,Moteris,514
Elektrėnų sav.,5–9,Vyras,645
Elektrėnų sav.,5–9,Moteris,586
Elektrėnų sav.,10–14,Vyras,631
Elektrėnų sav.,10–14,Moteris,546
Elektrėnų sav.,15–19,Vyras,537
Elektrėnų sav.,15–19,Moteris,496
Elektrėnų sav.,20–24,Vyras,616
Elektrėnų sav.,20–24,Moteris,576
Elektrėnų sav.,25–29,Vyras,700
Elektrėnų sav.,25–29,Moteris,620
Elektrėnų sav.,30–34,Vyras,925
Elektrėnų sav.,30–34,Moteris,778
Elektrėnų sav.,35–39,Vyras,936
Elektrėnų sav.,35–39,Moteris,765
Elektrėnų sav.,40–44,Vyras,816
Elektrėnų sav.,40–44,Moteris,728
Elektrėnų sav.,45–49,Vyras,779
Elektrėnų sav.,45–49,Moteris,777
Elektrėnų sav.,50–54,Vyras,841
Elektrėnų sav.,50–54,Moteris,912
Elektrėnų sav.,55–59,Vyras,906
Elektrėnų sav.,55–59,Moteris,946
Elektrėnų sav.,60–64,Vyras,891
Elektrėnų sav.,60–64,Moteris,1060
Elektrėnų sav.,65–69,Vyras,549
Elektrėnų sav.,65–69,Moteris,762
Elektrėnų sav.,70–74,Vyras,399
Elektrėnų sav.,70–74,Moteris,667
Elektrėnų sav.,75–79,Vyras,325
Elektrėnų sav.,75–79,Moteris,609
Elektrėnų sav.,80–84,Vyras,188
Elektrėnų sav.,80–84,Moteris,473
Elektrėnų sav.,85 ir vyresni,Vyras,118
Elektrėnų sav.,85 ir vyresni,Moteris,380
Šalčininkų r. sav.,0–4,Vyras,638
Šalčininkų r. sav.,0–4,Moteris,603
Šalčininkų r. sav.,5–9,Vyras,838
Šalčininkų r. sav.,5–9,Moteris,762
Šalčininkų r. sav.,10–14,Vyras,882
Šalčininkų r. sav.,10–14,Moteris,816
Šalčininkų r. sav.,15–19,Vyras,803
Šalčininkų r. sav.,15–19,Moteris,816
Šalčininkų r. sav.,20–24,Vyras,877
Šalčininkų r. sav.,20–24,Moteris,818
Šalčininkų r. sav.,25–29,Vyras,936
Šalčininkų r. sav.,25–29,Moteris,861
Šalčininkų r. sav.,30–34,Vyras,1129
Šalčininkų r. sav.,30–34,Moteris,940
Šalčininkų r. sav.,35–39,Vyras,999
Šalčininkų r. sav.,35–39,Moteris,824
Šalčininkų r. sav.,40–44,Vyras,1045
Šalčininkų r. sav.,40–44,Moteris,941
Šalčininkų r. sav.,45–49,Vyras,1112
Šalčininkų r. sav.,45–49,Moteris,1155
Šalčininkų r. sav.,50–54,Vyras,1123
Šalčininkų r. sav.,50–54,Moteris,1230
Šalčininkų r. sav.,55–59,Vyras,1136
Šalčininkų r. sav.,55–59,Moteris,1272
Šalčininkų r. sav.,60–64,Vyras,1092
Šalčininkų r. sav.,60–64,Moteris,1250
Šalčininkų r. sav.,65–69,Vyras,599
Šalčininkų r. sav.,65–69,Moteris,850
Šalčininkų r. sav.,70–74,Vyras,467
Šalčininkų r. sav.,70–74,Moteris,740
Šalčininkų r. sav.,75–79,Vyras,281
Šalčininkų r. sav.,75–79,Moteris,578
Šalčininkų r. sav.,80–84,Vyras,171
Šalčininkų r. sav.,80–84,Moteris,560
Šalčininkų r. sav.,85 ir vyresni,Vyras,111
Šalčininkų r. sav.,85 ir vyresni,Moteris,444
Širvintų r. sav.,0–4,Vyras,321
Širvintų r. sav.,0–4,Moteris,276
Širvintų r. sav.,5–9,Vyras,326
Širvintų r. sav.,5–9,Moteris,357
Širvintų r. sav.,10–14,Vyras,322
Širvintų r. sav.,10–14,Moteris,346
Širvintų r. sav.,15–19,Vyras,342
Širvintų r. sav.,15–19,Moteris,330
Širvintų r. sav.,20–24,Vyras,391
Širvintų r. sav.,20–24,Moteris,356
Širvintų r. sav.,25–29,Vyras,479
Širvintų r. sav.,25–29,Moteris,407
Širvintų r. sav.,30–34,Vyras,532
Širvintų r. sav.,30–34,Moteris,490
Širvintų r. sav.,35–39,Vyras,489
Širvintų r. sav.,35–39,Moteris,442
Širvintų r. sav.,40–44,Vyras,439
Širvintų r. sav.,40–44,Moteris,439
Širvintų r. sav.,45–49,Vyras,534
Širvintų r. sav.,45–49,Moteris,515
Širvintų r. sav.,50–54,Vyras,635
Širvintų r. sav.,50–54,Moteris,632
Širvintų r. sav.,55–59,Vyras,598
Širvintų r. sav.,55–59,Moteris,651
Širvintų r. sav.,60–64,Vyras,556
Širvintų r. sav.,60–64,Moteris,627
Širvintų r. sav.,65–69,Vyras,381
Širvintų r. sav.,65–69,Moteris,503
Širvintų r. sav.,70–74,Vyras,273
Širvintų r. sav.,70–74,Moteris,448
Širvintų r. sav.,75–79,Vyras,173
Širvintų r. sav.,75–79,Moteris,374
Širvintų r. sav.,80–84,Vyras,117
Širvintų r. sav.,80–84,Moteris,331
Širvintų r. sav.,85 ir vyresni,Vyras,98
Širvintų r. sav.,85 ir vyresni,Moteris,359
Švenčionių r. sav.,0–4,Vyras,362
Švenčionių r. sav.,0–4,Moteris,348
Švenčionių r. sav.,5–9,Vyras,463
Švenčionių r. sav.,5–9,Moteris,409
Švenčionių r. sav.,10–14,Vyras,536
Švenčionių r. sav.,10–14,Moteris,463
Švenčionių r. sav.,15–19,Vyras,557
Švenčionių r. sav.,15–19,Moteris,499
Švenčionių r. sav.,20–24,Vyras,662
Švenčionių r. sav.,20–24,Moteris,551
Švenčionių r. sav.,25–29,Vyras,637
Švenčionių r. sav.,25–29,Moteris,650
Švenčionių r. sav.,30–34,Vyras,776
Švenčionių r. sav.,30–34,Moteris,594
Švenčionių r. sav.,35–39,Vyras,680
Švenčionių r. sav.,35–39,Moteris,612
Švenčionių r. sav.,40–44,Vyras,676
Švenčionių r. sav.,40–44,Moteris,644
Švenčionių r. sav.,45–49,Vyras,791
Švenčionių r. sav.,45–49,Moteris,823
Švenčionių r. sav.,50–54,Vyras,889
Švenčionių r. sav.,50–54,Moteris,940
Švenčionių r. sav.,55–59,Vyras,891
Švenčionių r. sav.,55–59,Moteris,991
Švenčionių r. sav.,60–64,Vyras,900
Švenčionių r. sav.,60–64,Moteris,1031
Švenčionių r. sav.,65–69,Vyras,581
Švenčionių r. sav.,65–69,Moteris,816
Švenčionių r. sav.,70–74,Vyras,474
Švenčionių r. sav.,70–74,Moteris,816
Švenčionių r. sav.,75–79,Vyras,322
Švenčionių r. sav.,75–79,Moteris,576
Švenčionių r. sav.,80–84,Vyras,214
Švenčionių r. sav.,80–84,Moteris,555
Švenčionių r. sav.,85 ir vyresni,Vyras,161
Švenčionių r. sav.,85 ir vyresni,Moteris,588
Trakų r. sav.,0–4,Vyras,795
Trakų r. sav.,0–4,Moteris,711
Trakų r. sav.,5–9,Vyras,909
Trakų r. sav.,5–9,Moteris,799
Trakų r. sav.,10–14,Vyras,898
Trakų r. sav.,10–14,Moteris,800
Trakų r. sav.,15–19,Vyras,785
Trakų r. sav.,15–19,Moteris,712
Trakų r. sav.,20–24,Vyras,864
Trakų r. sav.,20–24,Moteris,809
Trakų r. sav.,25–29,Vyras,991
Trakų r. sav.,25–29,Moteris,931
Trakų r. sav.,30–34,Vyras,1287
Trakų r. sav.,30–34,Moteris,1140
Trakų r. sav.,35–39,Vyras,1258
Trakų r. sav.,35–39,Moteris,1105
Trakų r. sav.,40–44,Vyras,1072
Trakų r. sav.,40–44,Moteris,1109
Trakų r. sav.,45–49,Vyras,1142
Trakų r. sav.,45–49,Moteris,1131
Trakų r. sav.,50–54,Vyras,1146
Trakų r. sav.,50–54,Moteris,1264
Trakų r. sav.,55–59,Vyras,1262
Trakų r. sav.,55–59,Moteris,1327
Trakų r. sav.,60–64,Vyras,1064
Trakų r. sav.,60–64,Moteris,1310
Trakų r. sav.,65–69,Vyras,743
Trakų r. sav.,65–69,Moteris,1008
Trakų r. sav.,70–74,Vyras,539
Trakų r. sav.,70–74,Moteris,869
Trakų r. sav.,75–79,Vyras,336
Trakų r. sav.,75–79,Moteris,636
Trakų r. sav.,80–84,Vyras,203
Trakų r. sav.,80–84,Moteris,613
Trakų r. sav.,85 ir vyresni,Vyras,172
Trakų r. sav.,85 ir vyresni,Moteris,582
Ukmergės r. sav.,0–4,Vyras,680
Ukmergės r. sav.,0–4,Moteris,605
Ukmergės r. sav.,5–9,Vyras,760
Ukmergės r. sav.,5–9,Moteris,742
Ukmergės r. sav.,10–14,Vyras,759
Ukmergės r. sav.,10–14,Moteris,794
Ukmergės r. sav.,15–19,Vyras,806
Ukmergės r. sav.,15–19,Moteris,694
Ukmergės r. sav.,20–24,Vyras,927
Ukmergės r. sav.,20–24,Moteris,835
Ukmergės r. sav.,25–29,Vyras,982
Ukmergės r. sav.,25–29,Moteris,894
Ukmergės r. sav.,30–34,Vyras,1180
Ukmergės r. sav.,30–34,Moteris,1010
Ukmergės r. sav.,35–39,Vyras,979
Ukmergės r. sav.,35–39,Moteris,912
Ukmergės r. sav.,40–44,Vyras,928
Ukmergės r. sav.,40–44,Moteris,893
Ukmergės r. sav.,45–49,Vyras,1078
Ukmergės r. sav.,45–49,Moteris,1171
Ukmergės r. sav.,50–54,Vyras,1392
Ukmergės r. sav.,50–54,Moteris,1455
Ukmergės r. sav.,55–59,Vyras,1361
Ukmergės r. sav.,55–59,Moteris,1563
Ukmergės r. sav.,60–64,Vyras,1293
Ukmergės r. sav.,60–64,Moteris,1556
Ukmergės r. sav.,65–69,Vyras,852
Ukmergės r. sav.,65–69,Moteris,1103
Ukmergės r. sav.,70–74,Vyras,659
Ukmergės r. sav.,70–74,Moteris,1181
Ukmergės r. sav.,75–79,Vyras,497
Ukmergės r. sav.,75–79,Moteris,1072
Ukmergės r. sav.,80–84,Vyras,358
Ukmergės r. sav.,80–84,Moteris,907
Ukmergės r. sav.,85 ir vyresni,Vyras,274
Ukmergės r. sav.,85 ir vyresni,Moteris,876
Vilniaus m. sav.,0–4,Vyras,16921
Vilniaus m. sav.,0–4,Moteris,16031
Vilniaus m. sav.,5–9,Vyras,17696
Vilniaus m. sav.,5–9,Moteris,16706
Vilniaus m. sav.,10–14,Vyras,16211
Vilniaus m. sav.,10–14,Moteris,15627
Vilniaus m. sav.,15–19,Vyras,11729
Vilniaus m. sav.,15–19,Moteris,11377
Vilniaus m. sav.,20–24,Vyras,11657
Vilniaus m. sav.,20–24,Moteris,11451
Vilniaus m. sav.,25–29,Vyras,15551
Vilniaus m. sav.,25–29,Moteris,16214
Vilniaus m. sav.,30–34,Vyras,23054
Vilniaus m. sav.,30–34,Moteris,24481
Vilniaus m. sav.,35–39,Vyras,25277
Vilniaus m. sav.,35–39,Moteris,26125
Vilniaus m. sav.,40–44,Vyras,21808
Vilniaus m. sav.,40–44,Moteris,22243
Vilniaus m. sav.,45–49,Vyras,18272
Vilniaus m. sav.,45–49,Moteris,19968
Vilniaus m. sav.,50–54,Vyras,16602
Vilniaus m. sav.,50–54,Moteris,18905
Vilniaus m. sav.,55–59,Vyras,15224
Vilniaus m. sav.,55–59,Moteris,19264
Vilniaus m. sav.,60–64,Vyras,15225
Vilniaus m. sav.,60–64,Moteris,21736
Vilniaus m. sav.,65–69,Vyras,11067
Vilniaus m. sav.,65–69,Moteris,17742
Vilniaus m. sav.,70–74,Vyras,8832
Vilniaus m. sav.,70–74,Moteris,16177
Vilniaus m. sav.,75–79,Vyras,5751
Vilniaus m. sav.,75–79,Moteris,11991
Vilniaus m. sav.,80–84,Vyras,4588
Vilniaus m. sav.,80–84,Moteris,9982
Vilniaus m. sav.,85 ir vyresni,Vyras,3096
Vilniaus m. sav.,85 ir vyresni,Moteris,8431
Vilniaus r. sav.,0–4,Vyras,2389
Vilniaus r. sav.,0–4,Moteris,2245
Vilniaus r. sav.,5–9,Vyras,2960
Vilniaus r. sav.,5–9,Moteris,2716
Vilniaus r. sav.,10–14,Vyras,3111
Vilniaus r. sav.,10–14,Moteris,3089
Vilniaus r. sav.,15–19,Vyras,2712
Vilniaus r. sav.,15–19,Moteris,2558
Vilniaus r. sav.,20–24,Vyras,2713
Vilniaus r. sav.,20–24,Moteris,2428
Vilniaus r. sav.,25–29,Vyras,2886
Vilniaus r. sav.,25–29,Moteris,2576
Vilniaus r. sav.,30–34,Vyras,3656
Vilniaus r. sav.,30–34,Moteris,3455
Vilniaus r. sav.,35–39,Vyras,3865
Vilniaus r. sav.,35–39,Moteris,3635
Vilniaus r. sav.,40–44,Vyras,3805
Vilniaus r. sav.,40–44,Moteris,3706
Vilniaus r. sav.,45–49,Vyras,3721
Vilniaus r. sav.,45–49,Moteris,3745
Vilniaus r. sav.,50–54,Vyras,3702
Vilniaus r. sav.,50–54,Moteris,3749
Vilniaus r. sav.,55–59,Vyras,3428
Vilniaus r. sav.,55–59,Moteris,3705
Vilniaus r. sav.,60–64,Vyras,3155
Vilniaus r. sav.,60–64,Moteris,3792
Vilniaus r. sav.,65–69,Vyras,2140
Vilniaus r. sav.,65–69,Moteris,2775
Vilniaus r. sav.,70–74,Vyras,1543
Vilniaus r. sav.,70–74,Moteris,2305
Vilniaus r. sav.,75–79,Vyras,899
Vilniaus r. sav.,75–79,Moteris,1597
Vilniaus r. sav.,80–84,Vyras,522
Vilniaus r. sav.,80–84,Moteris,1260
Vilniaus r. sav.,85 ir vyresni,Vyras,323
Vilniaus r. sav.,85 ir vyresni,Moteris,1135
Alytaus m. sav.,0–4,Vyras,968
Alytaus m. sav.,0–4,Moteris,922
Alytaus m. sav.,5–9,Vyras,1057
Alytaus m. sav.,5–9,Moteris,1023
Alytaus m. sav.,10–14,Vyras,1147
Alytaus m. sav.,10–14,Moteris,1076
Alytaus m. sav.,15–19,Vyras,1188
Alytaus m. sav.,15–19,Moteris,1086
Alytaus m. sav.,20–24,Vyras,1368
Alytaus m. sav.,20–24,Moteris,1291
Alytaus m. sav.,25–29,Vyras,1551
Alytaus m. sav.,25–29,Moteris,1443
Alytaus m. sav.,30–34,Vyras,1640
Alytaus m. sav.,30–34,Moteris,1492
Alytaus m. sav.,35–39,Vyras,1576
Alytaus m. sav.,35–39,Moteris,1429
Alytaus m. sav.,40–44,Vyras,1475
Alytaus m. sav.,40–44,Moteris,1568
Alytaus m. sav.,45–49,Vyras,1660
Alytaus m. sav.,45–49,Moteris,1961
Alytaus m. sav.,50–54,Vyras,1864
Alytaus m. sav.,50–54,Moteris,2145
Alytaus m. sav.,55–59,Vyras,1980
Alytaus m. sav.,55–59,Moteris,2435
Alytaus m. sav.,60–64,Vyras,1965
Alytaus m. sav.,60–64,Moteris,2517
Alytaus m. sav.,65–69,Vyras,1436
Alytaus m. sav.,65–69,Moteris,2168
Alytaus m. sav.,70–74,Vyras,1142
Alytaus m. sav.,70–74,Moteris,2112
Alytaus m. sav.,75–79,Vyras,810
Alytaus m. sav.,75–79,Moteris,1467
Alytaus m. sav.,80–84,Vyras,480
Alytaus m. sav.,80–84,Moteris,1131
Alytaus m. sav.,85 ir vyresni,Vyras,333
Alytaus m. sav.,85 ir vyresni,Moteris,887
Alytaus r. sav.,0–4,Vyras,443
Alytaus r. sav.,0–4,Moteris,432
Alytaus r. sav.,5–9,Vyras,601
Alytaus r. sav.,5–9,Moteris,624
Alytaus r. sav.,10–14,Vyras,654
Alytaus r. sav.,10–14,Moteris,590
Alytaus r. sav.,15–19,Vyras,650
Alytaus r. sav.,15–19,Moteris,623
Alytaus r. sav.,20–24,Vyras,774
Alytaus r. sav.,20–24,Moteris,716
Alytaus r. sav.,25–29,Vyras,782
Alytaus r. sav.,25–29,Moteris,695
Alytaus r. sav.,30–34,Vyras,765
Alytaus r. sav.,30–34,Moteris,701
Alytaus r. sav.,35–39,Vyras,786
Alytaus r. sav.,35–39,Moteris,762
Alytaus r. sav.,40–44,Vyras,793
Alytaus r. sav.,40–44,Moteris,730
Alytaus r. sav.,45–49,Vyras,885
Alytaus r. sav.,45–49,Moteris,841
Alytaus r. sav.,50–54,Vyras,1059
Alytaus r. sav.,50–54,Moteris,993
Alytaus r. sav.,55–59,Vyras,1076
Alytaus r. sav.,55–59,Moteris,1009
Alytaus r. sav.,60–64,Vyras,1081
Alytaus r. sav.,60–64,Moteris,976
Alytaus r. sav.,65–69,Vyras,673
Alytaus r. sav.,65–69,Moteris,749
Alytaus r. sav.,70–74,Vyras,542
Alytaus r. sav.,70–74,Moteris,632
Alytaus r. sav.,75–79,Vyras,356
Alytaus r. sav.,75–79,Moteris,622
Alytaus r. sav.,80–84,Vyras,235
Alytaus r. sav.,80–84,Moteris,599
Alytaus r. sav.,85 ir vyresni,Vyras,224
Alytaus r. sav.,85 ir vyresni,Moteris,756
Druskininkų sav.,0–4,Vyras,410
Druskininkų sav.,0–4,Moteris,323
Druskininkų sav.,5–9,Vyras,444
Druskininkų sav.,5–9,Moteris,442
Druskininkų sav.,10–14,Vyras,415
Druskininkų sav.,10–14,Moteris,417
Druskininkų sav.,15–19,Vyras,406
Druskininkų sav.,15–19,Moteris,377
Druskininkų sav.,20–24,Vyras,460
Druskininkų sav.,20–24,Moteris,461
Druskininkų sav.,25–29,Vyras,572
Druskininkų sav.,25–29,Moteris,555
Druskininkų sav.,30–34,Vyras,681
Druskininkų sav.,30–34,Moteris,618
Druskininkų sav.,35–39,Vyras,576
Druskininkų sav.,35–39,Moteris,588
Druskininkų sav.,40–44,Vyras,545
Druskininkų sav.,40–44,Moteris,496
Druskininkų sav.,45–49,Vyras,586
Druskininkų sav.,45–49,Moteris,655
Druskininkų sav.,50–54,Vyras,759
Druskininkų sav.,50–54,Moteris,883
Druskininkų sav.,55–59,Vyras,788
Druskininkų sav.,55–59,Moteris,994
Druskininkų sav.,60–64,Vyras,783
Druskininkų sav.,60–64,Moteris,1042
Druskininkų sav.,65–69,Vyras,477
Druskininkų sav.,65–69,Moteris,770
Druskininkų sav.,70–74,Vyras,395
Druskininkų sav.,70–74,Moteris,684
Druskininkų sav.,75–79,Vyras,299
Druskininkų sav.,75–79,Moteris,603
Druskininkų sav.,80–84,Vyras,196
Druskininkų sav.,80–84,Moteris,512
Druskininkų sav.,85 ir vyresni,Vyras,157
Druskininkų sav.,85 ir vyresni,Moteris,474
Lazdijų r. sav.,0–4,Vyras,281
Lazdijų r. sav.,0–4,Moteris,263
Lazdijų r. sav.,5–9,Vyras,346
Lazdijų r. sav.,5–9,Moteris,378
Lazdijų r. sav.,10–14,Vyras,419
Lazdijų r. sav.,10–14,Moteris,374
Lazdijų r. sav.,15–19,Vyras,443
Lazdijų r. sav.,15–19,Moteris,462
Lazdijų r. sav.,20–24,Vyras,553
Lazdijų r. sav.,20–24,Moteris,496
Lazdijų r. sav.,25–29,Vyras,596
Lazdijų r. sav.,25–29,Moteris,481
Lazdijų r. sav.,30–34,Vyras,614
Lazdijų r. sav.,30–34,Moteris,474
Lazdijų r. sav.,35–39,Vyras,492
Lazdijų r. sav.,35–39,Moteris,444
Lazdijų r. sav.,40–44,Vyras,459
Lazdijų r. sav.,40–44,Moteris,472
Lazdijų r. sav.,45–49,Vyras,618
Lazdijų r. sav.,45–49,Moteris,598
Lazdijų r. sav.,50–54,Vyras,767
Lazdijų r. sav.,50–54,Moteris,781
Lazdijų r. sav.,55–59,Vyras,815
Lazdijų r. sav.,55–59,Moteris,762
Lazdijų r. sav.,60–64,Vyras,710
Lazdijų r. sav.,60–64,Moteris,732
Lazdijų r. sav.,65–69,Vyras,465
Lazdijų r. sav.,65–69,Moteris,545
Lazdijų r. sav.,70–74,Vyras,319
Lazdijų r. sav.,70–74,Moteris,469
Lazdijų r. sav.,75–79,Vyras,256
Lazdijų r. sav.,75–79,Moteris,489
Lazdijų r. sav.,80–84,Vyras,195
Lazdijų r. sav.,80–84,Moteris,511
Lazdijų r. sav.,85 ir vyresni,Vyras,204
Lazdijų r. sav.,85 ir vyresni,Moteris,609
Varėnos r. sav.,0–4,Vyras,322
Varėnos r. sav.,0–4,Moteris,331
Varėnos r. sav.,5–9,Vyras,431
Varėnos r. sav.,5–9,Moteris,403
Varėnos r. sav.,10–14,Vyras,424
Varėnos r. sav.,10–14,Moteris,403
Varėnos r. sav.,15–19,Vyras,464
Varėnos r. sav.,15–19,Moteris,511
Varėnos r. sav.,20–24,Vyras,601
Varėnos r. sav.,20–24,Moteris,535
Varėnos r. sav.,25–29,Vyras,668
Varėnos r. sav.,25–29,Moteris,569
Varėnos r. sav.,30–34,Vyras,663
Varėnos r. sav.,30–34,Moteris,535
Varėnos r. sav.,35–39,Vyras,590
Varėnos r. sav.,35–39,Moteris,515
Varėnos r. sav.,40–44,Vyras,561
Varėnos r. sav.,40–44,Moteris,530
Varėnos r. sav.,45–49,Vyras,700
Varėnos r. sav.,45–49,Moteris,673
Varėnos r. sav.,50–54,Vyras,842
Varėnos r. sav.,50–54,Moteris,871
Varėnos r. sav.,55–59,Vyras,880
Varėnos r. sav.,55–59,Moteris,857
Varėnos r. sav.,60–64,Vyras,894
Varėnos r. sav.,60–64,Moteris,1013
Varėnos r. sav.,65–69,Vyras,511
Varėnos r. sav.,65–69,Moteris,750
Varėnos r. sav.,70–74,Vyras,431
Varėnos r. sav.,70–74,Moteris,660
Varėnos r. sav.,75–79,Vyras,335
Varėnos r. sav.,75–79,Moteris,650
Varėnos r. sav.,80–84,Vyras,231
Varėnos r. sav.,80–84,Moteris,585
Varėnos r. sav.,85 ir vyresni,Vyras,161
Varėnos r. sav.,85 ir vyresni,Moteris,646
Birštono sav.,0–4,Vyras,71
Birštono sav.,0–4,Moteris,65
Birštono sav.,5–9,Vyras,90
Birštono sav.,5–9,Moteris,84
Birštono sav.,10–14,Vyras,83
Birštono sav.,10–14,Moteris,86
Birštono sav.,15–19,Vyras,81
Birštono sav.,15–19,Moteris,88
Birštono sav.,20–24,Vyras,83
Birštono sav.,20–24,Moteris,81
Birštono sav.,25–29,Vyras,117
Birštono sav.,25–29,Moteris,120
Birštono sav.,30–34,Vyras,128
Birštono sav.,30–34,Moteris,127
Birštono sav.,35–39,Vyras,132
Birštono sav.,35–39,Moteris,111
Birštono sav.,40–44,Vyras,103
Birštono sav.,40–44,Moteris,106
Birštono sav.,45–49,Vyras,108
Birštono sav.,45–49,Moteris,121
Birštono sav.,50–54,Vyras,134
Birštono sav.,50–54,Moteris,178
Birštono sav.,55–59,Vyras,158
Birštono sav.,55–59,Moteris,186
Birštono sav.,60–64,Vyras,178
Birštono sav.,60–64,Moteris,236
Birštono sav.,65–69,Vyras,134
Birštono sav.,65–69,Moteris,178
Birštono sav.,70–74,Vyras,92
Birštono sav.,70–74,Moteris,150
Birštono sav.,75–79,Vyras,53
Birštono sav.,75–79,Moteris,115
Birštono sav.,80–84,Vyras,43
Birštono sav.,80–84,Moteris,112
Birštono sav.,85 ir vyresni,Vyras,26
Birštono sav.,85 ir vyresni,Moteris,123
Jonavos r. sav.,0–4,Vyras,871
Jonavos r. sav.,0–4,Moteris,827
Jonavos r. sav.,5–9,Vyras,1072
Jonavos r. sav.,5–9,Moteris,955
Jonavos r. sav.,10–14,Vyras,1063
Jonavos r. sav.,10–14,Moteris,1054
Jonavos r. sav.,15–19,Vyras,1106
Jonavos r. sav.,15–19,Moteris,1084
Jonavos r. sav.,20–24,Vyras,1228
Jonavos r. sav.,20–24,Moteris,1170
Jonavos r. sav.,25–29,Vyras,1230
Jonavos r. sav.,25–29,Moteris,1180
Jonavos r. sav.,30–34,Vyras,1237
Jonavos r. sav.,30–34,Moteris,1200
Jonavos r. sav.,35–39,Vyras,1272
Jonavos r. sav.,35–39,Moteris,1199
Jonavos r. sav.,40–44,Vyras,1343
Jonavos r. sav.,40–44,Moteris,1263
Jonavos r. sav.,45–49,Vyras,1460
Jonavos r. sav.,45–49,Moteris,1480
Jonavos r. sav.,50–54,Vyras,1538
Jonavos r. sav.,50–54,Moteris,1650
Jonavos r. sav.,55–59,Vyras,1520
Jonavos r. sav.,55–59,Moteris,1722
Jonavos r. sav.,60–64,Vyras,1403
Jonavos r. sav.,60–64,Moteris,1805
Jonavos r. sav.,65–69,Vyras,996
Jonavos r. sav.,65–69,Moteris,1511
Jonavos r. sav.,70–74,Vyras,825
Jonavos r. sav.,70–74,Moteris,1417
Jonavos r. sav.,75–79,Vyras,519
Jonavos r. sav.,75–79,Moteris,1014
Jonavos r. sav.,80–84,Vyras,333
Jonavos r. sav.,80–84,Moteris,851
Jonavos r. sav.,85 ir vyresni,Vyras,171
Jonavos r. sav.,85 ir vyresni,Moteris,679
Kaišiadorių r. sav.,0–4,Vyras,518
Kaišiadorių r. sav.,0–4,Moteris,482
Kaišiadorių r. sav.,5–9,Vyras,676
Kaišiadorių r. sav.,5–9,Moteris,605
Kaišiadorių r. sav.,10–14,Vyras,734
Kaišiadorių r. sav.,10–14,Moteris,676
Kaišiadorių r. sav.,15–19,Vyras,700
Kaišiadorių r. sav.,15–19,Moteris,690
Kaišiadorių r. sav.,20–24,Vyras,1036
Kaišiadorių r. sav.,20–24,Moteris,820
Kaišiadorių r. sav.,25–29,Vyras,1162
Kaišiadorių r. sav.,25–29,Moteris,765
Kaišiadorių r. sav.,30–34,Vyras,1172
Kaišiadorių r. sav.,30–34,Moteris,774
Kaišiadorių r. sav.,35–39,Vyras,1069
Kaišiadorių r. sav.,35–39,Moteris,795
Kaišiadorių r. sav.,40–44,Vyras,1008
Kaišiadorių r. sav.,40–44,Moteris,809
Kaišiadorių r. sav.,45–49,Vyras,1088
Kaišiadorių r. sav.,45–49,Moteris,1013
Kaišiadorių r. sav.,50–54,Vyras,1195
Kaišiadorių r. sav.,50–54,Moteris,1121
Kaišiadorių r. sav.,55–59,Vyras,1184
Kaišiadorių r. sav.,55–59,Moteris,1126
Kaišiadorių r. sav.,60–64,Vyras,1084
Kaišiadorių r. sav.,60–64,Moteris,1235
Kaišiadorių r. sav.,65–69,Vyras,728
Kaišiadorių r. sav.,65–69,Moteris,963
Kaišiadorių r. sav.,70–74,Vyras,563
Kaišiadorių r. sav.,70–74,Moteris,891
Kaišiadorių r. sav.,75–79,Vyras,382
Kaišiadorių r. sav.,75–79,Moteris,710
Kaišiadorių r. sav.,80–84,Vyras,232
Kaišiadorių r. sav.,80–84,Moteris,565
Kaišiadorių r. sav.,85 ir vyresni,Vyras,162
Kaišiadorių r. sav.,85 ir vyresni,Moteris,564
Kauno m. sav.,0–4,Vyras,7626
Kauno m. sav.,0–4,Moteris,7221
Kauno m. sav.,5–9,Vyras,8294
Kauno m. sav.,5–9,Moteris,8015
Kauno m. sav.,10–14,Vyras,7753
Kauno m. sav.,10–14,Moteris,7326
Kauno m. sav.,15–19,Vyras,6081
Kauno m. sav.,15–19,Moteris,5955
Kauno m. sav.,20–24,Vyras,6895
Kauno m. sav.,20–24,Moteris,6854
Kauno m. sav.,25–29,Vyras,8861
Kauno m. sav.,25–29,Moteris,9294
Kauno m. sav.,30–34,Vyras,10925
Kauno m. sav.,30–34,Moteris,11236
Kauno m. sav.,35–39,Vyras,11330
Kauno m. sav.,35–39,Moteris,11468
Kauno m. sav.,40–44,Vyras,9590
Kauno m. sav.,40–44,Moteris,9634
Kauno m. sav.,45–49,Vyras,8801
Kauno m. sav.,45–49,Moteris,9609
Kauno m. sav.,50–54,Vyras,9147
Kauno m. sav.,50–54,Moteris,10595
Kauno m. sav.,55–59,Vyras,8861
Kauno m. sav.,55–59,Moteris,11297
Kauno m. sav.,60–64,Vyras,9150
Kauno m. sav.,60–64,Moteris,12810
Kauno m. sav.,65–69,Vyras,6698
Kauno m. sav.,65–69,Moteris,10432
Kauno m. sav.,70–74,Vyras,5295
Kauno m. sav.,70–74,Moteris,9864
Kauno m. sav.,75–79,Vyras,4226
Kauno m. sav.,75–79,Moteris,8695
Kauno m. sav.,80–84,Vyras,2971
Kauno m. sav.,80–84,Moteris,7006
Kauno m. sav.,85 ir vyresni,Vyras,1967
Kauno m. sav.,85 ir vyresni,Moteris,6124
Kauno r. sav.,0–4,Vyras,2725
Kauno r. sav.,0–4,Moteris,2534
Kauno r. sav.,5–9,Vyras,2746
Kauno r. sav.,5–9,Moteris,2582
Kauno r. sav.,10–14,Vyras,2970
Kauno r. sav.,10–14,Moteris,2855
Kauno r. sav.,15–19,Vyras,2451
Kauno r. sav.,15–19,Moteris,2325
Kauno r. sav.,20–24,Vyras,2482
Kauno r. sav.,20–24,Moteris,2346
Kauno r. sav.,25–29,Vyras,3206
Kauno r. sav.,25–29,Moteris,3177
Kauno r. sav.,30–34,Vyras,3740
Kauno r. sav.,30–34,Moteris,3755
Kauno r. sav.,35–39,Vyras,3861
Kauno r. sav.,35–39,Moteris,3607
Kauno r. sav.,40–44,Vyras,3458
Kauno r. sav.,40–44,Moteris,3402
Kauno r. sav.,45–49,Vyras,3252
Kauno r. sav.,45–49,Moteris,3352
Kauno r. sav.,50–54,Vyras,3212
Kauno r. sav.,50–54,Moteris,3471
Kauno r. sav.,55–59,Vyras,3120
Kauno r. sav.,55–59,Moteris,3458
Kauno r. sav.,60–64,Vyras,3010
Kauno r. sav.,60–64,Moteris,3588
Kauno r. sav.,65–69,Vyras,2068
Kauno r. sav.,65–69,Moteris,2503
Kauno r. sav.,70–74,Vyras,1455
Kauno r. sav.,70–74,Moteris,2133
Kauno r. sav.,75–79,Vyras,984
Kauno r. sav.,75–79,Moteris,1809
Kauno r. sav.,80–84,Vyras,676
Kauno r. sav.,80–84,Moteris,1386
Kauno r. sav.,85 ir vyresni,Vyras,471
Kauno r. sav.,85 ir vyresni,Moteris,1321
Kėdainių r. sav.,0–4,Vyras,892
Kėdainių r. sav.,0–4,Moteris,805
Kėdainių r. sav.,5–9,Vyras,1101
Kėdainių r. sav.,5–9,Moteris,1008
Kėdainių r. sav.,10–14,Vyras,1191
Kėdainių r. sav.,10–14,Moteris,1155
Kėdainių r. sav.,15–19,Vyras,1212
Kėdainių r. sav.,15–19,Moteris,1172
Kėdainių r. sav.,20–24,Vyras,1362
Kėdainių r. sav.,20–24,Moteris,1220
Kėdainių r. sav.,25–29,Vyras,1329
Kėdainių r. sav.,25–29,Moteris,1185
Kėdainių r. sav.,30–34,Vyras,1471
Kėdainių r. sav.,30–34,Moteris,1302
Kėdainių r. sav.,35–39,Vyras,1274
Kėdainių r. sav.,35–39,Moteris,1244
Kėdainių r. sav.,40–44,Vyras,1306
Kėdainių r. sav.,40–44,Moteris,1339
Kėdainių r. sav.,45–49,Vyras,1527
Kėdainių r. sav.,45–49,Moteris,1644
Kėdainių r. sav.,50–54,Vyras,1807
Kėdainių r. sav.,50–54,Moteris,1939
Kėdainių r. sav.,55–59,Vyras,1779
Kėdainių r. sav.,55–59,Moteris,1919
Kėdainių r. sav.,60–64,Vyras,1603
Kėdainių r. sav.,60–64,Moteris,2019
Kėdainių r. sav.,65–69,Vyras,1203
Kėdainių r. sav.,65–69,Moteris,1695
Kėdainių r. sav.,70–74,Vyras,901
Kėdainių r. sav.,70–74,Moteris,1458
Kėdainių r. sav.,75–79,Vyras,626
Kėdainių r. sav.,75–79,Moteris,1424
Kėdainių r. sav.,80–84,Vyras,452
Kėdainių r. sav.,80–84,Moteris,1162
Kėdainių r. sav.,85 ir vyresni,Vyras,268
Kėdainių r. sav.,85 ir vyresni,Moteris,919
Prienų r. sav.,0–4,Vyras,454
Prienų r. sav.,0–4,Moteris,432
Prienų r. sav.,5–9,Vyras,622
Prienų r. sav.,5–9,Moteris,542
Prienų r. sav.,10–14,Vyras,602
Prienų r. sav.,10–14,Moteris,555
Prienų r. sav.,15–19,Vyras,631
Prienų r. sav.,15–19,Moteris,601
Prienų r. sav.,20–24,Vyras,730
Prienų r. sav.,20–24,Moteris,643
Prienų r. sav.,25–29,Vyras,784
Prienų r. sav.,25–29,Moteris,706
Prienų r. sav.,30–34,Vyras,778
Prienų r. sav.,30–34,Moteris,711
Prienų r. sav.,35–39,Vyras,699
Prienų r. sav.,35–39,Moteris,680
Prienų r. sav.,40–44,Vyras,727
Prienų r. sav.,40–44,Moteris,697
Prienų r. sav.,45–49,Vyras,826
Prienų r. sav.,45–49,Moteris,852
Prienų r. sav.,50–54,Vyras,937
Prienų r. sav.,50–54,Moteris,975
Prienų r. sav.,55–59,Vyras,996
Prienų r. sav.,55–59,Moteris,1097
Prienų r. sav.,60–64,Vyras,998
Prienų r. sav.,60–64,Moteris,1116
Prienų r. sav.,65–69,Vyras,675
Prienų r. sav.,65–69,Moteris,837
Prienų r. sav.,70–74,Vyras,477
Prienų r. sav.,70–74,Moteris,731
Prienų r. sav.,75–79,Vyras,331
Prienų r. sav.,75–79,Moteris,695
Prienų r. sav.,80–84,Vyras,285
Prienų r. sav.,80–84,Moteris,646
Prienų r. sav.,85 ir vyresni,Vyras,216
Prienų r. sav.,85 ir vyresni,Moteris,726
Raseinių r. sav.,0–4,Vyras,567
Raseinių r. sav.,0–4,Moteris,527
Raseinių r. sav.,5–9,Vyras,704
Raseinių r. sav.,5–9,Moteris,668
Raseinių r. sav.,10–14,Vyras,707
Raseinių r. sav.,10–14,Moteris,691
Raseinių r. sav.,15–19,Vyras,822
Raseinių r. sav.,15–19,Moteris,779
Raseinių r. sav.,20–24,Vyras,959
Raseinių r. sav.,20–24,Moteris,864
Raseinių r. sav.,25–29,Vyras,891
Raseinių r. sav.,25–29,Moteris,853
Raseinių r. sav.,30–34,Vyras,929
Raseinių r. sav.,30–34,Moteris,843
Raseinių r. sav.,35–39,Vyras,888
Raseinių r. sav.,35–39,Moteris,813
Raseinių r. sav.,40–44,Vyras,807
Raseinių r. sav.,40–44,Moteris,826
Raseinių r. sav.,45–49,Vyras,952
Raseinių r. sav.,45–49,Moteris,1104
Raseinių r. sav.,50–54,Vyras,1207
Raseinių r. sav.,50–54,Moteris,1264
Raseinių r. sav.,55–59,Vyras,1207
Raseinių r. sav.,55–59,Moteris,1319
Raseinių r. sav.,60–64,Vyras,1183
Raseinių r. sav.,60–64,Moteris,1349
Raseinių r. sav.,65–69,Vyras,759
Raseinių r. sav.,65–69,Moteris,1037
Raseinių r. sav.,70–74,Vyras,627
Raseinių r. sav.,70–74,Moteris,925
Raseinių r. sav.,75–79,Vyras,485
Raseinių r. sav.,75–79,Moteris,914
Raseinių r. sav.,80–84,Vyras,318
Raseinių r. sav.,80–84,Moteris,802
Raseinių r. sav.,85 ir vyresni,Vyras,251
Raseinių r. sav.,85 ir vyresni,Moteris,779
Klaipėdos m. sav.,0–4,Vyras,4084
Klaipėdos m. sav.,0–4,Moteris,3878
Klaipėdos m. sav.,5–9,Vyras,4526
Klaipėdos m. sav.,5–9,Moteris,4220
Klaipėdos m. sav.,10–14,Vyras,4416
Klaipėdos m. sav.,10–14,Moteris,4200
Klaipėdos m. sav.,15–19,Vyras,3290
Klaipėdos m. sav.,15–19,Moteris,3113
Klaipėdos m. sav.,20–24,Vyras,3014
Klaipėdos m. sav.,20–24,Moteris,3082
Klaipėdos m. sav.,25–29,Vyras,3884
Klaipėdos m. sav.,25–29,Moteris,4079
Klaipėdos m. sav.,30–34,Vyras,5399
Klaipėdos m. sav.,30–34,Moteris,5739
Klaipėdos m. sav.,35–39,Vyras,5803
Klaipėdos m. sav.,35–39,Moteris,5852
Klaipėdos m. sav.,40–44,Vyras,5225
Klaipėdos m. sav.,40–44,Moteris,5162
Klaipėdos m. sav.,45–49,Vyras,4711
Klaipėdos m. sav.,45–49,Moteris,5047
Klaipėdos m. sav.,50–54,Vyras,4472
Klaipėdos m. sav.,50–54,Moteris,5292
Klaipėdos m. sav.,55–59,Vyras,4883
Klaipėdos m. sav.,55–59,Moteris,5702
Klaipėdos m. sav.,60–64,Vyras,5068
Klaipėdos m. sav.,60–64,Moteris,6748
Klaipėdos m. sav.,65–69,Vyras,3775
Klaipėdos m. sav.,65–69,Moteris,5656
Klaipėdos m. sav.,70–74,Vyras,2956
Klaipėdos m. sav.,70–74,Moteris,4773
Klaipėdos m. sav.,75–79,Vyras,1764
Klaipėdos m. sav.,75–79,Moteris,3542
Klaipėdos m. sav.,80–84,Vyras,1520
Klaipėdos m. sav.,80–84,Moteris,3515
Klaipėdos m. sav.,85 ir vyresni,Vyras,1020
Klaipėdos m. sav.,85 ir vyresni,Moteris,2827
Klaipėdos r. sav.,0–4,Vyras,1763
Klaipėdos r. sav.,0–4,Moteris,1697
Klaipėdos r. sav.,5–9,Vyras,1887
Klaipėdos r. sav.,5–9,Moteris,1705
Klaipėdos r. sav.,10–14,Vyras,1845
Klaipėdos r. sav.,10–14,Moteris,1849
Klaipėdos r. sav.,15–19,Vyras,1572
Klaipėdos r. sav.,15–19,Moteris,1437
Klaipėdos r. sav.,20–24,Vyras,1627
Klaipėdos r. sav.,20–24,Moteris,1469
Klaipėdos r. sav.,25–29,Vyras,1835
Klaipėdos r. sav.,25–29,Moteris,1836
Klaipėdos r. sav.,30–34,Vyras,2403
Klaipėdos r. sav.,30–34,Moteris,2340
Klaipėdos r. sav.,35–39,Vyras,2372
Klaipėdos r. sav.,35–39,Moteris,2224
Klaipėdos r. sav.,40–44,Vyras,2101
Klaipėdos r. sav.,40–44,Moteris,2085
Klaipėdos r. sav.,45–49,Vyras,2126
Klaipėdos r. sav.,45–49,Moteris,2104
Klaipėdos r. sav.,50–54,Vyras,2171
Klaipėdos r. sav.,50–54,Moteris,2181
Klaipėdos r. sav.,55–59,Vyras,2067
Klaipėdos r. sav.,55–59,Moteris,2141
Klaipėdos r. sav.,60–64,Vyras,1961
Klaipėdos r. sav.,60–64,Moteris,2092
Klaipėdos r. sav.,65–69,Vyras,1250
Klaipėdos r. sav.,65–69,Moteris,1532
Klaipėdos r. sav.,70–74,Vyras,862
Klaipėdos r. sav.,70–74,Moteris,1230
Klaipėdos r. sav.,75–79,Vyras,515
Klaipėdos r. sav.,75–79,Moteris,919
Klaipėdos r. sav.,80–84,Vyras,422
Klaipėdos r. sav.,80–84,Moteris,839
Klaipėdos r. sav.,85 ir vyresni,Vyras,214
Klaipėdos r. sav.,85 ir vyresni,Moteris,746
Kretingos r. sav.,0–4,Vyras,921
Kretingos r. sav.,0–4,Moteris,838
Kretingos r. sav.,5–9,Vyras,942
Kretingos r. sav.,5–9,Moteris,923
Kretingos r. sav.,10–14,Vyras,1046
Kretingos r. sav.,10–14,Moteris,981
Kretingos r. sav.,15–19,Vyras,978
Kretingos r. sav.,15–19,Moteris,955
Kretingos r. sav.,20–24,Vyras,991
Kretingos r. sav.,20–24,Moteris,993
Kretingos r. sav.,25–29,Vyras,1155
Kretingos r. sav.,25–29,Moteris,1158
Kretingos r. sav.,30–34,Vyras,1234
Kretingos r. sav.,30–34,Moteris,1189
Kretingos r. sav.,35–39,Vyras,1190
Kretingos r. sav.,35–39,Moteris,1134
Kretingos r. sav.,40–44,Vyras,1106
Kretingos r. sav.,40–44,Moteris,1114
Kretingos r. sav.,45–49,Vyras,1235
Kretingos r. sav.,45–49,Moteris,1314
Kretingos r. sav.,50–54,Vyras,1397
Kretingos r. sav.,50–54,Moteris,1541
Kretingos r. sav.,55–59,Vyras,1422
Kretingos r. sav.,55–59,Moteris,1499
Kretingos r. sav.,60–64,Vyras,1274
Kretingos r. sav.,60–64,Moteris,1548
Kretingos r. sav.,65–69,Vyras,937
Kretingos r. sav.,65–69,Moteris,1226
Kretingos r. sav.,70–74,Vyras,664
Kretingos r. sav.,70–74,Moteris,1027
Kretingos r. sav.,75–79,Vyras,473
Kretingos r. sav.,75–79,Moteris,859
Kretingos r. sav.,80–84,Vyras,352
Kretingos r. sav.,80–84,Moteris,826
Kretingos r. sav.,85 ir vyresni,Vyras,247
Kretingos r. sav.,85 ir vyresni,Moteris,715
Neringos sav.,0–4,Vyras,38
Neringos sav.,0–4,Moteris,63
Neringos sav.,5–9,Vyras,53
Neringos sav.,5–9,Moteris,51
Neringos sav.,10–14,Vyras,87
Neringos sav.,10–14,Moteris,71
Neringos sav.,15–19,Vyras,101
Neringos sav.,15–19,Moteris,74
Neringos sav.,20–24,Vyras,88
Neringos sav.,20–24,Moteris,78
Neringos sav.,25–29,Vyras,128
Neringos sav.,25–29,Moteris,110
Neringos sav.,30–34,Vyras,143
Neringos sav.,30–34,Moteris,125
Neringos sav.,35–39,Vyras,164
Neringos sav.,35–39,Moteris,150
Neringos sav.,40–44,Vyras,177
Neringos sav.,40–44,Moteris,155
Neringos sav.,45–49,Vyras,180
Neringos sav.,45–49,Moteris,172
Neringos sav.,50–54,Vyras,177
Neringos sav.,50–54,Moteris,171
Neringos sav.,55–59,Vyras,170
Neringos sav.,55–59,Moteris,160
Neringos sav.,60–64,Vyras,154
Neringos sav.,60–64,Moteris,209
Neringos sav.,65–69,Vyras,104
Neringos sav.,65–69,Moteris,138
Neringos sav.,70–74,Vyras,80
Neringos sav.,70–74,Moteris,95
Neringos sav.,75–79,Vyras,41
Neringos sav.,75–79,Moteris,69
Neringos sav.,80–84,Vyras,28
Neringos sav.,80–84,Moteris,43
Neringos sav.,85 ir vyresni,Vyras,13
Neringos sav.,85 ir vyresni,Moteris,43
Palangos m. sav.,0–4,Vyras,311
Palangos m. sav.,0–4,Moteris,304
Palangos m. sav.,5–9,Vyras,382
Palangos m. sav.,5–9,Moteris,356
Palangos m. sav.,10–14,Vyras,421
Palangos m. sav.,10–14,Moteris,421
Palangos m. sav.,15–19,Vyras,369
Palangos m. sav.,15–19,Moteris,327
Palangos m. sav.,20–24,Vyras,338
Palangos m. sav.,20–24,Moteris,368
Palangos m. sav.,25–29,Vyras,430
Palangos m. sav.,25–29,Moteris,410
Palangos m. sav.,30–34,Vyras,452
Palangos m. sav.,30–34,Moteris,503
Palangos m. sav.,35–39,Vyras,518
Palangos m. sav.,35–39,Moteris,512
Palangos m. sav.,40–44,Vyras,494
Palangos m. sav.,40–44,Moteris,519
Palangos m. sav.,45–49,Vyras,549
Palangos m. sav.,45–49,Moteris,622
Palangos m. sav.,50–54,Vyras,602
Palangos m. sav.,50–54,Moteris,673
Palangos m. sav.,55–59,Vyras,583
Palangos m. sav.,55–59,Moteris,797
Palangos m. sav.,60–64,Vyras,665
Palangos m. sav.,60–64,Moteris,937
Palangos m. sav.,65–69,Vyras,494
Palangos m. sav.,65–69,Moteris,723
Palangos m. sav.,70–74,Vyras,383
Palangos m. sav.,70–74,Moteris,688
Palangos m. sav.,75–79,Vyras,261
Palangos m. sav.,75–79,Moteris,486
Palangos m. sav.,80–84,Vyras,165
Palangos m. sav.,80–84,Moteris,380
Palangos m. sav.,85 ir vyresni,Vyras,151
Palangos m. sav.,85 ir vyresni,Moteris,382
Skuodo r. sav.,0–4,Vyras,274
Skuodo r. sav.,0–4,Moteris,275
Skuodo r. sav.,5–9,Vyras,326
Skuodo r. sav.,5–9,Moteris,372
Skuodo r. sav.,10–14,Vyras,347
Skuodo r. sav.,10–14,Moteris,345
Skuodo r. sav.,15–19,Vyras,411
Skuodo r. sav.,15–19,Moteris,391
Skuodo r. sav.,20–24,Vyras,514
Skuodo r. sav.,20–24,Moteris,509
Skuodo r. sav.,25–29,Vyras,481
Skuodo r. sav.,25–29,Moteris,399
Skuodo r. sav.,30–34,Vyras,461
Skuodo r. sav.,30–34,Moteris,443
Skuodo r. sav.,35–39,Vyras,349
Skuodo r. sav.,35–39,Moteris,317
Skuodo r. sav.,40–44,Vyras,362
Skuodo r. sav.,40–44,Moteris,388
Skuodo r. sav.,45–49,Vyras,451
Skuodo r. sav.,45–49,Moteris,521
Skuodo r. sav.,50–54,Vyras,605
Skuodo r. sav.,50–54,Moteris,690
Skuodo r. sav.,55–59,Vyras,687
Skuodo r. sav.,55–59,Moteris,721
Skuodo r. sav.,60–64,Vyras,656
Skuodo r. sav.,60–64,Moteris,760
Skuodo r. sav.,65–69,Vyras,503
Skuodo r. sav.,65–69,Moteris,602
Skuodo r. sav.,70–74,Vyras,395
Skuodo r. sav.,70–74,Moteris,553
Skuodo r. sav.,75–79,Vyras,265
Skuodo r. sav.,75–79,Moteris,497
Skuodo r. sav.,80–84,Vyras,145
Skuodo r. sav.,80–84,Moteris,355
Skuodo r. sav.,85 ir vyresni,Vyras,117
Skuodo r. sav.,85 ir vyresni,Moteris,344
Šilutės r. sav.,0–4,Vyras,805
Šilutės r. sav.,0–4,Moteris,751
Šilutės r. sav.,5–9,Vyras,996
Šilutės r. sav.,5–9,Moteris,972
Šilutės r. sav.,10–14,Vyras,981
Šilutės r. sav.,10–14,Moteris,982
Šilutės r. sav.,15–19,Vyras,1036
Šilutės r. sav.,15–19,Moteris,943
Šilutės r. sav.,20–24,Vyras,1164
Šilutės r. sav.,20–24,Moteris,1113
Šilutės r. sav.,25–29,Vyras,1186
Šilutės r. sav.,25–29,Moteris,1075
Šilutės r. sav.,30–34,Vyras,1261
Šilutės r. sav.,30–34,Moteris,1207
Šilutės r. sav.,35–39,Vyras,1121
Šilutės r. sav.,35–39,Moteris,1060
Šilutės r. sav.,40–44,Vyras,1065
Šilutės r. sav.,40–44,Moteris,996
Šilutės r. sav.,45–49,Vyras,1265
Šilutės r. sav.,45–49,Moteris,1309
Šilutės r. sav.,50–54,Vyras,1510
Šilutės r. sav.,50–54,Moteris,1611
Šilutės r. sav.,55–59,Vyras,1583
Šilutės r. sav.,55–59,Moteris,1649
Šilutės r. sav.,60–64,Vyras,1477
Šilutės r. sav.,60–64,Moteris,1769
Šilutės r. sav.,65–69,Vyras,946
Šilutės r. sav.,65–69,Moteris,1314
Šilutės r. sav.,70–74,Vyras,704
Šilutės r. sav.,70–74,Moteris,1110
Šilutės r. sav.,75–79,Vyras,448
Šilutės r. sav.,75–79,Moteris,857
Šilutės r. sav.,80–84,Vyras,316
Šilutės r. sav.,80–84,Moteris,857
Šilutės r. sav.,85 ir vyresni,Vyras,249
Šilutės r. sav.,85 ir vyresni,Moteris,805
Kalvarijos sav.,0–4,Vyras,214
Kalvarijos sav.,0–4,Moteris,211
Kalvarijos sav.,5–9,Vyras,280
Kalvarijos sav.,5–9,Moteris,231
Kalvarijos sav.,10–14,Vyras,282
Kalvarijos sav.,10–14,Moteris,249
Kalvarijos sav.,15–19,Vyras,315
Kalvarijos sav.,15–19,Moteris,302
Kalvarijos sav.,20–24,Vyras,321
Kalvarijos sav.,20–24,Moteris,305
Kalvarijos sav.,25–29,Vyras,340
Kalvarijos sav.,25–29,Moteris,289
Kalvarijos sav.,30–34,Vyras,324
Kalvarijos sav.,30–34,Moteris,302
Kalvarijos sav.,35–39,Vyras,296
Kalvarijos sav.,35–39,Moteris,279
Kalvarijos sav.,40–44,Vyras,305
Kalvarijos sav.,40–44,Moteris,270
Kalvarijos sav.,45–49,Vyras,341
Kalvarijos sav.,45–49,Moteris,315
Kalvarijos sav.,50–54,Vyras,375
Kalvarijos sav.,50–54,Moteris,420
Kalvarijos sav.,55–59,Vyras,401
Kalvarijos sav.,55–59,Moteris,409
Kalvarijos sav.,60–64,Vyras,338
Kalvarijos sav.,60–64,Moteris,372
Kalvarijos sav.,65–69,Vyras,251
Kalvarijos sav.,65–69,Moteris,313
Kalvarijos sav.,70–74,Vyras,133
Kalvarijos sav.,70–74,Moteris,215
Kalvarijos sav.,75–79,Vyras,95
Kalvarijos sav.,75–79,Moteris,217
Kalvarijos sav.,80–84,Vyras,69
Kalvarijos sav.,80–84,Moteris,197
Kalvarijos sav.,85 ir vyresni,Vyras,71
Kalvarijos sav.,85 ir vyresni,Moteris,272
Kazlų Rūdos sav.,0–4,Vyras,231
Kazlų Rūdos sav.,0–4,Moteris,204
Kazlų Rūdos sav.,5–9,Vyras,294
Kazlų Rūdos sav.,5–9,Moteris,254
Kazlų Rūdos sav.,10–14,Vyras,280
Kazlų Rūdos sav.,10–14,Moteris,254
Kazlų Rūdos sav.,15–19,Vyras,330
Kazlų Rūdos sav.,15–19,Moteris,286
Kazlų Rūdos sav.,20–24,Vyras,318
Kazlų Rūdos sav.,20–24,Moteris,288
Kazlų Rūdos sav.,25–29,Vyras,326
Kazlų Rūdos sav.,25–29,Moteris,295
Kazlų Rūdos sav.,30–34,Vyras,392
Kazlų Rūdos sav.,30–34,Moteris,282
Kazlų Rūdos sav.,35–39,Vyras,319
Kazlų Rūdos sav.,35–39,Moteris,318
Kazlų Rūdos sav.,40–44,Vyras,337
Kazlų Rūdos sav.,40–44,Moteris,328
Kazlų Rūdos sav.,45–49,Vyras,379
Kazlų Rūdos sav.,45–49,Moteris,345
Kazlų Rūdos sav.,50–54,Vyras,442
Kazlų Rūdos sav.,50–54,Moteris,423
Kazlų Rūdos sav.,55–59,Vyras,418
Kazlų Rūdos sav.,55–59,Moteris,459
Kazlų Rūdos sav.,60–64,Vyras,418
Kazlų Rūdos sav.,60–64,Moteris,482
Kazlų Rūdos sav.,65–69,Vyras,266
Kazlų Rūdos sav.,65–69,Moteris,363
Kazlų Rūdos sav.,70–74,Vyras,213
Kazlų Rūdos sav.,70–74,Moteris,353
Kazlų Rūdos sav.,75–79,Vyras,151
Kazlų Rūdos sav.,75–79,Moteris,268
Kazlų Rūdos sav.,80–84,Vyras,107
Kazlų Rūdos sav.,80–84,Moteris,243
Kazlų Rūdos sav.,85 ir vyresni,Vyras,63
Kazlų Rūdos sav.,85 ir vyresni,Moteris,230
Marijampolės sav.,0–4,Vyras,1162
Marijampolės sav.,0–4,Moteris,1091
Marijampolės sav.,5–9,Vyras,1383
Marijampolės sav.,5–9,Moteris,1302
Marijampolės sav.,10–14,Vyras,1489
Marijampolės sav.,10–14,Moteris,1284
Marijampolės sav.,15–19,Vyras,1355
Marijampolės sav.,15–19,Moteris,1233
Marijampolės sav.,20–24,Vyras,1475
Marijampolės sav.,20–24,Moteris,1341
Marijampolės sav.,25–29,Vyras,1656
Marijampolės sav.,25–29,Moteris,1580
Marijampolės sav.,30–34,Vyras,1949
Marijampolės sav.,30–34,Moteris,1733
Marijampolės sav.,35–39,Vyras,1923
Marijampolės sav.,35–39,Moteris,1677
Marijampolės sav.,40–44,Vyras,1738
Marijampolės sav.,40–44,Moteris,1631
Marijampolės sav.,45–49,Vyras,1742
Marijampolės sav.,45–49,Moteris,1792
Marijampolės sav.,50–54,Vyras,2013
Marijampolės sav.,50–54,Moteris,2165
Marijampolės sav.,55–59,Vyras,2080
Marijampolės sav.,55–59,Moteris,2354
Marijampolės sav.,60–64,Vyras,2059
Marijampolės sav.,60–64,Moteris,2421
Marijampolės sav.,65–69,Vyras,1399
Marijampolės sav.,65–69,Moteris,1915
Marijampolės sav.,70–74,Vyras,1003
Marijampolės sav.,70–74,Moteris,1425
Marijampolės sav.,75–79,Vyras,659
Marijampolės sav.,75–79,Moteris,1292
Marijampolės sav.,80–84,Vyras,453
Marijampolės sav.,80–84,Moteris,1103
Marijampolės sav.,85 ir vyresni,Vyras,350
Marijampolės sav.,85 ir vyresni,Moteris,1064
Marijampolės r. sav.,0–4,Vyras,
Marijampolės r. sav.,0–4,Moteris,
Marijampolės r. sav.,5–9,Vyras,
Marijampolės r. sav.,5–9,Moteris,
Marijampolės r. sav.,10–14,Vyras,
Marijampolės r. sav.,10–14,Moteris,
Marijampolės r. sav.,15–19,Vyras,
Marijampolės r. sav.,15–19,Moteris,
Marijampolės r. sav.,20–24,Vyras,
Marijampolės r. sav.,20–24,Moteris,
Marijampolės r. sav.,25–29,Vyras,
Marijampolės r. sav.,25–29,Moteris,
Marijampolės r. sav.,30–34,Vyras,
Marijampolės r. sav.,30–34,Moteris,
Marijampolės r. sav.,35–39,Vyras,
Marijampolės r. sav.,35–39,Moteris,
Marijampolės r. sav.,40–44,Vyras,
Marijampolės r. sav.,40–44,Moteris,
Marijampolės r. sav.,45–49,Vyras,
Marijampolės r. sav.,45–49,Moteris,
Marijampolės r. sav.,50–54,Vyras,
Marijampolės r. sav.,50–54,Moteris,
Marijampolės r. sav.,55–59,Vyras,
Marijampolės r. sav.,55–59,Moteris,
Marijampolės r. sav.,60–64,Vyras,
Marijampolės r. sav.,60–64,Moteris,
Marijampolės r. sav.,65–69,Vyras,
Marijampolės r. sav.,65–69,Moteris,
Marijampolės r. sav.,70–74,Vyras,
Marijampolės r. sav.,70–74,Moteris,
Marijampolės r. sav.,75–79,Vyras,
Marijampolės r. sav.,75–79,Moteris,
Marijampolės r. sav.,80–84,Vyras,
Marijampolės r. sav.,80–84,Moteris,
Marijampolės r. sav.,85 ir vyresni,Vyras,
Marijampolės r. sav.,85 ir vyresni,Moteris,
Šakių r. sav.,0–4,Vyras,446
Šakių r. sav.,0–4,Moteris,487
Šakių r. sav.,5–9,Vyras,545
Šakių r. sav.,5–9,Moteris,564
Šakių r. sav.,10–14,Vyras,618
Šakių r. sav.,10–14,Moteris,610
Šakių r. sav.,15–19,Vyras,729
Šakių r. sav.,15–19,Moteris,680
Šakių r. sav.,20–24,Vyras,876
Šakių r. sav.,20–24,Moteris,773
Šakių r. sav.,25–29,Vyras,898
Šakių r. sav.,25–29,Moteris,755
Šakių r. sav.,30–34,Vyras,846
Šakių r. sav.,30–34,Moteris,697
Šakių r. sav.,35–39,Vyras,730
Šakių r. sav.,35–39,Moteris,660
Šakių r. sav.,40–44,Vyras,705
Šakių r. sav.,40–44,Moteris,715
Šakių r. sav.,45–49,Vyras,852
Šakių r. sav.,45–49,Moteris,894
Šakių r. sav.,50–54,Vyras,1022
Šakių r. sav.,50–54,Moteris,1091
Šakių r. sav.,55–59,Vyras,1102
Šakių r. sav.,55–59,Moteris,1118
Šakių r. sav.,60–64,Vyras,1087
Šakių r. sav.,60–64,Moteris,1142
Šakių r. sav.,65–69,Vyras,631
Šakių r. sav.,65–69,Moteris,870
Šakių r. sav.,70–74,Vyras,490
Šakių r. sav.,70–74,Moteris,742
Šakių r. sav.,75–79,Vyras,327
Šakių r. sav.,75–79,Moteris,709
Šakių r. sav.,80–84,Vyras,321
Šakių r. sav.,80–84,Moteris,695
Šakių r. sav.,85 ir vyresni,Vyras,214
Šakių r. sav.,85 ir vyresni,Moteris,677
Vilkaviškio r. sav.,0–4,Vyras,656
Vilkaviškio r. sav.,0–4,Moteris,680
Vilkaviškio r. sav.,5–9,Vyras,840
Vilkaviškio r. sav.,5–9,Moteris,734
Vilkaviškio r. sav.,10–14,Vyras,898
Vilkaviškio r. sav.,10–14,Moteris,871
Vilkaviškio r. sav.,15–19,Vyras,932
Vilkaviškio r. sav.,15–19,Moteris,962
Vilkaviškio r. sav.,20–24,Vyras,1087
Vilkaviškio r. sav.,20–24,Moteris,1012
Vilkaviškio r. sav.,25–29,Vyras,1076
Vilkaviškio r. sav.,25–29,Moteris,995
Vilkaviškio r. sav.,30–34,Vyras,1137
Vilkaviškio r. sav.,30–34,Moteris,975
Vilkaviškio r. sav.,35–39,Vyras,973
Vilkaviškio r. sav.,35–39,Moteris,867
Vilkaviškio r. sav.,40–44,Vyras,978
Vilkaviškio r. sav.,40–44,Moteris,987
Vilkaviškio r. sav.,45–49,Vyras,1149
Vilkaviškio r. sav.,45–49,Moteris,1250
Vilkaviškio r. sav.,50–54,Vyras,1400
Vilkaviškio r. sav.,50–54,Moteris,1384
Vilkaviškio r. sav.,55–59,Vyras,1340
Vilkaviškio r. sav.,55–59,Moteris,1442
Vilkaviškio r. sav.,60–64,Vyras,1335
Vilkaviškio r. sav.,60–64,Moteris,1480
Vilkaviškio r. sav.,65–69,Vyras,887
Vilkaviškio r. sav.,65–69,Moteris,1221
Vilkaviškio r. sav.,70–74,Vyras,700
Vilkaviškio r. sav.,70–74,Moteris,1132
Vilkaviškio r. sav.,75–79,Vyras,489
Vilkaviškio r. sav.,75–79,Moteris,919
Vilkaviškio r. sav.,80–84,Vyras,299
Vilkaviškio r. sav.,80–84,Moteris,839
Vilkaviškio r. sav.,85 ir vyresni,Vyras,256
Vilkaviškio r. sav.,85 ir vyresni,Moteris,760
Biržų r. sav.,0–4,Vyras,434
Biržų r. sav.,0–4,Moteris,390
Biržų r. sav.,5–9,Vyras,459
Biržų r. sav.,5–9,Moteris,434
Biržų r. sav.,10–14,Vyras,483
Biržų r. sav.,10–14,Moteris,412
Biržų r. sav.,15–19,Vyras,600
Biržų r. sav.,15–19,Moteris,543
Biržų r. sav.,20–24,Vyras,687
Biržų r. sav.,20–24,Moteris,615
Biržų r. sav.,25–29,Vyras,722
Biržų r. sav.,25–29,Moteris,618
Biržų r. sav.,30–34,Vyras,660
Biržų r. sav.,30–34,Moteris,617
Biržų r. sav.,35–39,Vyras,519
Biržų r. sav.,35–39,Moteris,506
Biržų r. sav.,40–44,Vyras,542
Biržų r. sav.,40–44,Moteris,551
Biržų r. sav.,45–49,Vyras,773
Biržų r. sav.,45–49,Moteris,840
Biržų r. sav.,50–54,Vyras,949
Biržų r. sav.,50–54,Moteris,1020
Biržų r. sav.,55–59,Vyras,920
Biržų r. sav.,55–59,Moteris,989
Biržų r. sav.,60–64,Vyras,852
Biržų r. sav.,60–64,Moteris,1005
Biržų r. sav.,65–69,Vyras,593
Biržų r. sav.,65–69,Moteris,810
Biržų r. sav.,70–74,Vyras,468
Biržų r. sav.,70–74,Moteris,811
Biržų r. sav.,75–79,Vyras,378
Biržų r. sav.,75–79,Moteris,695
Biržų r. sav.,80–84,Vyras,253
Biržų r. sav.,80–84,Moteris,684
Biržų r. sav.,85 ir vyresni,Vyras,213
Biržų r. sav.,85 ir vyresni,Moteris,711
Kupiškio r. sav.,0–4,Vyras,282
Kupiškio r. sav.,0–4,Moteris,265
Kupiškio r. sav.,5–9,Vyras,324
Kupiškio r. sav.,5–9,Moteris,342
Kupiškio r. sav.,10–14,Vyras,310
Kupiškio r. sav.,10–14,Moteris,330
Kupiškio r. sav.,15–19,Vyras,387
Kupiškio r. sav.,15–19,Moteris,430
Kupiškio r. sav.,20–24,Vyras,475
Kupiškio r. sav.,20–24,Moteris,461
Kupiškio r. sav.,25–29,Vyras,518
Kupiškio r. sav.,25–29,Moteris,445
Kupiškio r. sav.,30–34,Vyras,473
Kupiškio r. sav.,30–34,Moteris,422
Kupiškio r. sav.,35–39,Vyras,435
Kupiškio r. sav.,35–39,Moteris,370
Kupiškio r. sav.,40–44,Vyras,436
Kupiškio r. sav.,40–44,Moteris,381
Kupiškio r. sav.,45–49,Vyras,457
Kupiškio r. sav.,45–49,Moteris,522
Kupiškio r. sav.,50–54,Vyras,629
Kupiškio r. sav.,50–54,Moteris,755
Kupiškio r. sav.,55–59,Vyras,724
Kupiškio r. sav.,55–59,Moteris,779
Kupiškio r. sav.,60–64,Vyras,659
Kupiškio r. sav.,60–64,Moteris,760
Kupiškio r. sav.,65–69,Vyras,444
Kupiškio r. sav.,65–69,Moteris,563
Kupiškio r. sav.,70–74,Vyras,311
Kupiškio r. sav.,70–74,Moteris,515
Kupiškio r. sav.,75–79,Vyras,266
Kupiškio r. sav.,75–79,Moteris,507
Kupiškio r. sav.,80–84,Vyras,174
Kupiškio r. sav.,80–84,Moteris,454
Kupiškio r. sav.,85 ir vyresni,Vyras,146
Kupiškio r. sav.,85 ir vyresni,Moteris,481
Panevėžio m. sav.,0–4,Vyras,1734
Panevėžio m. sav.,0–4,Moteris,1569
Panevėžio m. sav.,5–9,Vyras,1984
Panevėžio m. sav.,5–9,Moteris,1907
Panevėžio m. sav.,10–14,Vyras,2045
Panevėžio m. sav.,10–14,Moteris,1883
Panevėžio m. sav.,15–19,Vyras,1976
Panevėžio m. sav.,15–19,Moteris,1882
Panevėžio m. sav.,20–24,Vyras,2075
Panevėžio m. sav.,20–24,Moteris,2029
Panevėžio m. sav.,25–29,Vyras,2350
Panevėžio m. sav.,25–29,Moteris,2263
Panevėžio m. sav.,30–34,Vyras,2734
Panevėžio m. sav.,30–34,Moteris,2757
Panevėžio m. sav.,35–39,Vyras,2474
Panevėžio m. sav.,35–39,Moteris,2530
Panevėžio m. sav.,40–44,Vyras,2408
Panevėžio m. sav.,40–44,Moteris,2440
Panevėžio m. sav.,45–49,Vyras,2684
Panevėžio m. sav.,45–49,Moteris,3145
Panevėžio m. sav.,50–54,Vyras,2987
Panevėžio m. sav.,50–54,Moteris,3758
Panevėžio m. sav.,55–59,Vyras,3310
Panevėžio m. sav.,55–59,Moteris,4405
Panevėžio m. sav.,60–64,Vyras,3259
Panevėžio m. sav.,60–64,Moteris,4546
Panevėžio m. sav.,65–69,Vyras,2272
Panevėžio m. sav.,65–69,Moteris,3323
Panevėžio m. sav.,70–74,Vyras,1650
Panevėžio m. sav.,70–74,Moteris,3128
Panevėžio m. sav.,75–79,Vyras,1299
Panevėžio m. sav.,75–79,Moteris,2788
Panevėžio m. sav.,80–84,Vyras,961
Panevėžio m. sav.,80–84,Moteris,2311
Panevėžio m. sav.,85 ir vyresni,Vyras,676
Panevėžio m. sav.,85 ir vyresni,Moteris,2048
Panevėžio r. sav.,0–4,Vyras,736
Panevėžio r. sav.,0–4,Moteris,670
Panevėžio r. sav.,5–9,Vyras,868
Panevėžio r. sav.,5–9,Moteris,843
Panevėžio r. sav.,10–14,Vyras,906
Panevėžio r. sav.,10–14,Moteris,865
Panevėžio r. sav.,15–19,Vyras,1000
Panevėžio r. sav.,15–19,Moteris,918
Panevėžio r. sav.,20–24,Vyras,1046
Panevėžio r. sav.,20–24,Moteris,940
Panevėžio r. sav.,25–29,Vyras,1132
Panevėžio r. sav.,25–29,Moteris,954
Panevėžio r. sav.,30–34,Vyras,1210
Panevėžio r. sav.,30–34,Moteris,1051
Panevėžio r. sav.,35–39,Vyras,1043
Panevėžio r. sav.,35–39,Moteris,1001
Panevėžio r. sav.,40–44,Vyras,1042
Panevėžio r. sav.,40–44,Moteris,984
Panevėžio r. sav.,45–49,Vyras,1277
Panevėžio r. sav.,45–49,Moteris,1229
Panevėžio r. sav.,50–54,Vyras,1408
Panevėžio r. sav.,50–54,Moteris,1447
Panevėžio r. sav.,55–59,Vyras,1535
Panevėžio r. sav.,55–59,Moteris,1557
Panevėžio r. sav.,60–64,Vyras,1363
Panevėžio r. sav.,60–64,Moteris,1444
Panevėžio r. sav.,65–69,Vyras,941
Panevėžio r. sav.,65–69,Moteris,1092
Panevėžio r. sav.,70–74,Vyras,669
Panevėžio r. sav.,70–74,Moteris,888
Panevėžio r. sav.,75–79,Vyras,475
Panevėžio r. sav.,75–79,Moteris,824
Panevėžio r. sav.,80–84,Vyras,317
Panevėžio r. sav.,80–84,Moteris,701
Panevėžio r. sav.,85 ir vyresni,Vyras,216
Panevėžio r. sav.,85 ir vyresni,Moteris,672
Pasvalio r. sav.,0–4,Vyras,395
Pasvalio r. sav.,0–4,Moteris,409
Pasvalio r. sav.,5–9,Vyras,530
Pasvalio r. sav.,5–9,Moteris,485
Pasvalio r. sav.,10–14,Vyras,548
Pasvalio r. sav.,10–14,Moteris,538
Pasvalio r. sav.,15–19,Vyras,617
Pasvalio r. sav.,15–19,Moteris,575
Pasvalio r. sav.,20–24,Vyras,694
Pasvalio r. sav.,20–24,Moteris,660
Pasvalio r. sav.,25–29,Vyras,724
Pasvalio r. sav.,25–29,Moteris,640
Pasvalio r. sav.,30–34,Vyras,712
Pasvalio r. sav.,30–34,Moteris,633
Pasvalio r. sav.,35–39,Vyras,594
Pasvalio r. sav.,35–39,Moteris,525
Pasvalio r. sav.,40–44,Vyras,591
Pasvalio r. sav.,40–44,Moteris,592
Pasvalio r. sav.,45–49,Vyras,777
Pasvalio r. sav.,45–49,Moteris,820
Pasvalio r. sav.,50–54,Vyras,939
Pasvalio r. sav.,50–54,Moteris,993
Pasvalio r. sav.,55–59,Vyras,983
Pasvalio r. sav.,55–59,Moteris,1004
Pasvalio r. sav.,60–64,Vyras,843
Pasvalio r. sav.,60–64,Moteris,945
Pasvalio r. sav.,65–69,Vyras,556
Pasvalio r. sav.,65–69,Moteris,723
Pasvalio r. sav.,70–74,Vyras,415
Pasvalio r. sav.,70–74,Moteris,743
Pasvalio r. sav.,75–79,Vyras,316
Pasvalio r. sav.,75–79,Moteris,628
Pasvalio r. sav.,80–84,Vyras,204
Pasvalio r. sav.,80–84,Moteris,611
Pasvalio r. sav.,85 ir vyresni,Vyras,182
Pasvalio r. sav.,85 ir vyresni,Moteris,524
Rokiškio r. sav.,0–4,Vyras,433
Rokiškio r. sav.,0–4,Moteris,443
Rokiškio r. sav.,5–9,Vyras,497
Rokiškio r. sav.,5–9,Moteris,512
Rokiškio r. sav.,10–14,Vyras,595
Rokiškio r. sav.,10–14,Moteris,577
Rokiškio r. sav.,15–19,Vyras,663
Rokiškio r. sav.,15–19,Moteris,648
Rokiškio r. sav.,20–24,Vyras,782
Rokiškio r. sav.,20–24,Moteris,739
Rokiškio r. sav.,25–29,Vyras,876
Rokiškio r. sav.,25–29,Moteris,789
Rokiškio r. sav.,30–34,Vyras,928
Rokiškio r. sav.,30–34,Moteris,748
Rokiškio r. sav.,35–39,Vyras,805
Rokiškio r. sav.,35–39,Moteris,651
Rokiškio r. sav.,40–44,Vyras,733
Rokiškio r. sav.,40–44,Moteris,694
Rokiškio r. sav.,45–49,Vyras,939
Rokiškio r. sav.,45–49,Moteris,1039
Rokiškio r. sav.,50–54,Vyras,1164
Rokiškio r. sav.,50–54,Moteris,1251
Rokiškio r. sav.,55–59,Vyras,1243
Rokiškio r. sav.,55–59,Moteris,1288
Rokiškio r. sav.,60–64,Vyras,1161
Rokiškio r. sav.,60–64,Moteris,1343
Rokiškio r. sav.,65–69,Vyras,809
Rokiškio r. sav.,65–69,Moteris,1014
Rokiškio r. sav.,70–74,Vyras,527
Rokiškio r. sav.,70–74,Moteris,877
Rokiškio r. sav.,75–79,Vyras,408
Rokiškio r. sav.,75–79,Moteris,831
Rokiškio r. sav.,80–84,Vyras,328
Rokiškio r. sav.,80–84,Moteris,806
Rokiškio r. sav.,85 ir vyresni,Vyras,255
Rokiškio r. sav.,85 ir vyresni,Moteris,808
Akmenės r. sav.,0–4,Vyras,361
Akmenės r. sav.,0–4,Moteris,341
Akmenės r. sav.,5–9,Vyras,458
Akmenės r. sav.,5–9,Moteris,410
Akmenės r. sav.,10–14,Vyras,479
Akmenės r. sav.,10–14,Moteris,439
Akmenės r. sav.,15–19,Vyras,478
Akmenės r. sav.,15–19,Moteris,453
Akmenės r. sav.,20–24,Vyras,558
Akmenės r. sav.,20–24,Moteris,502
Akmenės r. sav.,25–29,Vyras,590
Akmenės r. sav.,25–29,Moteris,492
Akmenės r. sav.,30–34,Vyras,597
Akmenės r. sav.,30–34,Moteris,522
Akmenės r. sav.,35–39,Vyras,536
Akmenės r. sav.,35–39,Moteris,431
Akmenės r. sav.,40–44,Vyras,449
Akmenės r. sav.,40–44,Moteris,453
Akmenės r. sav.,45–49,Vyras,555
Akmenės r. sav.,45–49,Moteris,619
Akmenės r. sav.,50–54,Vyras,748
Akmenės r. sav.,50–54,Moteris,798
Akmenės r. sav.,55–59,Vyras,818
Akmenės r. sav.,55–59,Moteris,853
Akmenės r. sav.,60–64,Vyras,789
Akmenės r. sav.,60–64,Moteris,948
Akmenės r. sav.,65–69,Vyras,569
Akmenės r. sav.,65–69,Moteris,755
Akmenės r. sav.,70–74,Vyras,408
Akmenės r. sav.,70–74,Moteris,717
Akmenės r. sav.,75–79,Vyras,271
Akmenės r. sav.,75–79,Moteris,610
Akmenės r. sav.,80–84,Vyras,185
Akmenės r. sav.,80–84,Moteris,513
Akmenės r. sav.,85 ir vyresni,Vyras,131
Akmenės r. sav.,85 ir vyresni,Moteris,423
Joniškio r. sav.,0–4,Vyras,358
Joniškio r. sav.,0–4,Moteris,356
Joniškio r. sav.,5–9,Vyras,432
Joniškio r. sav.,5–9,Moteris,410
Joniškio r. sav.,10–14,Vyras,479
Joniškio r. sav.,10–14,Moteris,429
Joniškio r. sav.,15–19,Vyras,570
Joniškio r. sav.,15–19,Moteris,536
Joniškio r. sav.,20–24,Vyras,594
Joniškio r. sav.,20–24,Moteris,557
Joniškio r. sav.,25–29,Vyras,641
Joniškio r. sav.,25–29,Moteris,549
Joniškio r. sav.,30–34,Vyras,616
Joniškio r. sav.,30–34,Moteris,526
Joniškio r. sav.,35–39,Vyras,546
Joniškio r. sav.,35–39,Moteris,523
Joniškio r. sav.,40–44,Vyras,586
Joniškio r. sav.,40–44,Moteris,542
Joniškio r. sav.,45–49,Vyras,706
Joniškio r. sav.,45–49,Moteris,712
Joniškio r. sav.,50–54,Vyras,851
Joniškio r. sav.,50–54,Moteris,923
Joniškio r. sav.,55–59,Vyras,925
Joniškio r. sav.,55–59,Moteris,1012
Joniškio r. sav.,60–64,Vyras,810
Joniškio r. sav.,60–64,Moteris,950
Joniškio r. sav.,65–69,Vyras,550
Joniškio r. sav.,65–69,Moteris,758
Joniškio r. sav.,70–74,Vyras,454
Joniškio r. sav.,70–74,Moteris,680
Joniškio r. sav.,75–79,Vyras,315
Joniškio r. sav.,75–79,Moteris,644
Joniškio r. sav.,80–84,Vyras,216
Joniškio r. sav.,80–84,Moteris,516
Joniškio r. sav.,85 ir vyresni,Vyras,148
Joniškio r. sav.,85 ir vyresni,Moteris,478
Kelmės r. sav.,0–4,Vyras,420
Kelmės r. sav.,0–4,Moteris,389
Kelmės r. sav.,5–9,Vyras,537
Kelmės r. sav.,5–9,Moteris,499
Kelmės r. sav.,10–14,Vyras,635
Kelmės r. sav.,10–14,Moteris,548
Kelmės r. sav.,15–19,Vyras,634
Kelmės r. sav.,15–19,Moteris,654
Kelmės r. sav.,20–24,Vyras,760
Kelmės r. sav.,20–24,Moteris,687
Kelmės r. sav.,25–29,Vyras,789
Kelmės r. sav.,25–29,Moteris,648
Kelmės r. sav.,30–34,Vyras,735
Kelmės r. sav.,30–34,Moteris,630
Kelmės r. sav.,35–39,Vyras,649
Kelmės r. sav.,35–39,Moteris,611
Kelmės r. sav.,40–44,Vyras,704
Kelmės r. sav.,40–44,Moteris,701
Kelmės r. sav.,45–49,Vyras,830
Kelmės r. sav.,45–49,Moteris,895
Kelmės r. sav.,50–54,Vyras,1013
Kelmės r. sav.,50–54,Moteris,1092
Kelmės r. sav.,55–59,Vyras,1094
Kelmės r. sav.,55–59,Moteris,1079
Kelmės r. sav.,60–64,Vyras,1042
Kelmės r. sav.,60–64,Moteris,1134
Kelmės r. sav.,65–69,Vyras,705
Kelmės r. sav.,65–69,Moteris,912
Kelmės r. sav.,70–74,Vyras,581
Kelmės r. sav.,70–74,Moteris,830
Kelmės r. sav.,75–79,Vyras,358
Kelmės r. sav.,75–79,Moteris,716
Kelmės r. sav.,80–84,Vyras,271
Kelmės r. sav.,80–84,Moteris,680
Kelmės r. sav.,85 ir vyresni,Vyras,211
Kelmės r. sav.,85 ir vyresni,Moteris,728
Pakruojo r. sav.,0–4,Vyras,313
Pakruojo r. sav.,0–4,Moteris,340
Pakruojo r. sav.,5–9,Vyras,379
Pakruojo r. sav.,5–9,Moteris,385
Pakruojo r. sav.,10–14,Vyras,420
Pakruojo r. sav.,10–14,Moteris,409
Pakruojo r. sav.,15–19,Vyras,510
Pakruojo r. sav.,15–19,Moteris,494
Pakruojo r. sav.,20–24,Vyras,588
Pakruojo r. sav.,20–24,Moteris,528
Pakruojo r. sav.,25–29,Vyras,556
Pakruojo r. sav.,25–29,Moteris,493
Pakruojo r. sav.,30–34,Vyras,550
Pakruojo r. sav.,30–34,Moteris,434
Pakruojo r. sav.,35–39,Vyras,479
Pakruojo r. sav.,35–39,Moteris,425
Pakruojo r. sav.,40–44,Vyras,512
Pakruojo r. sav.,40–44,Moteris,533
Pakruojo r. sav.,45–49,Vyras,696
Pakruojo r. sav.,45–49,Moteris,652
Pakruojo r. sav.,50–54,Vyras,791
Pakruojo r. sav.,50–54,Moteris,807
Pakruojo r. sav.,55–59,Vyras,774
Pakruojo r. sav.,55–59,Moteris,805
Pakruojo r. sav.,60–64,Vyras,742
Pakruojo r. sav.,60–64,Moteris,804
Pakruojo r. sav.,65–69,Vyras,443
Pakruojo r. sav.,65–69,Moteris,642
Pakruojo r. sav.,70–74,Vyras,370
Pakruojo r. sav.,70–74,Moteris,622
Pakruojo r. sav.,75–79,Vyras,289
Pakruojo r. sav.,75–79,Moteris,544
Pakruojo r. sav.,80–84,Vyras,168
Pakruojo r. sav.,80–84,Moteris,452
Pakruojo r. sav.,85 ir vyresni,Vyras,120
Pakruojo r. sav.,85 ir vyresni,Moteris,428
Radviliškio r. sav.,0–4,Vyras,660
Radviliškio r. sav.,0–4,Moteris,592
Radviliškio r. sav.,5–9,Vyras,846
Radviliškio r. sav.,5–9,Moteris,772
Radviliškio r. sav.,10–14,Vyras,859
Radviliškio r. sav.,10–14,Moteris,835
Radviliškio r. sav.,15–19,Vyras,953
Radviliškio r. sav.,15–19,Moteris,928
Radviliškio r. sav.,20–24,Vyras,978
Radviliškio r. sav.,20–24,Moteris,933
Radviliškio r. sav.,25–29,Vyras,1080
Radviliškio r. sav.,25–29,Moteris,904
Radviliškio r. sav.,30–34,Vyras,1064
Radviliškio r. sav.,30–34,Moteris,897
Radviliškio r. sav.,35–39,Vyras,995
Radviliškio r. sav.,35–39,Moteris,867
Radviliškio r. sav.,40–44,Vyras,913
Radviliškio r. sav.,40–44,Moteris,888
Radviliškio r. sav.,45–49,Vyras,1096
Radviliškio r. sav.,45–49,Moteris,1205
Radviliškio r. sav.,50–54,Vyras,1467
Radviliškio r. sav.,50–54,Moteris,1498
Radviliškio r. sav.,55–59,Vyras,1475
Radviliškio r. sav.,55–59,Moteris,1568
Radviliškio r. sav.,60–64,Vyras,1395
Radviliškio r. sav.,60–64,Moteris,1572
Radviliškio r. sav.,65–69,Vyras,874
Radviliškio r. sav.,65–69,Moteris,1193
Radviliškio r. sav.,70–74,Vyras,658
Radviliškio r. sav.,70–74,Moteris,1013
Radviliškio r. sav.,75–79,Vyras,449
Radviliškio r. sav.,75–79,Moteris,977
Radviliškio r. sav.,80–84,Vyras,327
Radviliškio r. sav.,80–84,Moteris,829
Radviliškio r. sav.,85 ir vyresni,Vyras,210
Radviliškio r. sav.,85 ir vyresni,Moteris,789
Šiaulių m. sav.,0–4,Vyras,2364
Šiaulių m. sav.,0–4,Moteris,2318
Šiaulių m. sav.,5–9,Vyras,2648
Šiaulių m. sav.,5–9,Moteris,2583
Šiaulių m. sav.,10–14,Vyras,2469
Šiaulių m. sav.,10–14,Moteris,2468
Šiaulių m. sav.,15–19,Vyras,2092
Šiaulių m. sav.,15–19,Moteris,2049
Šiaulių m. sav.,20–24,Vyras,2263
Šiaulių m. sav.,20–24,Moteris,2188
Šiaulių m. sav.,25–29,Vyras,3023
Šiaulių m. sav.,25–29,Moteris,2778
Šiaulių m. sav.,30–34,Vyras,3854
Šiaulių m. sav.,30–34,Moteris,3449
Šiaulių m. sav.,35–39,Vyras,4066
Šiaulių m. sav.,35–39,Moteris,3377
Šiaulių m. sav.,40–44,Vyras,3333
Šiaulių m. sav.,40–44,Moteris,3030
Šiaulių m. sav.,45–49,Vyras,3353
Šiaulių m. sav.,45–49,Moteris,3354
Šiaulių m. sav.,50–54,Vyras,3470
Šiaulių m. sav.,50–54,Moteris,3871
Šiaulių m. sav.,55–59,Vyras,3450
Šiaulių m. sav.,55–59,Moteris,4429
Šiaulių m. sav.,60–64,Vyras,3665
Šiaulių m. sav.,60–64,Moteris,4881
Šiaulių m. sav.,65–69,Vyras,2398
Šiaulių m. sav.,65–69,Moteris,3654
Šiaulių m. sav.,70–74,Vyras,1700
Šiaulių m. sav.,70–74,Moteris,3204
Šiaulių m. sav.,75–79,Vyras,1372
Šiaulių m. sav.,75–79,Moteris,2714
Šiaulių m. sav.,80–84,Vyras,881
Šiaulių m. sav.,80–84,Moteris,2304
Šiaulių m. sav.,85 ir vyresni,Vyras,642
Šiaulių m. sav.,85 ir vyresni,Moteris,2062
Šiaulių r. sav.,0–4,Vyras,856
Šiaulių r. sav.,0–4,Moteris,832
Šiaulių r. sav.,5–9,Vyras,1055
Šiaulių r. sav.,5–9,Moteris,1004
Šiaulių r. sav.,10–14,Vyras,1102
Šiaulių r. sav.,10–14,Moteris,1019
Šiaulių r. sav.,15–19,Vyras,1076
Šiaulių r. sav.,15–19,Moteris,946
Šiaulių r. sav.,20–24,Vyras,1134
Šiaulių r. sav.,20–24,Moteris,1026
Šiaulių r. sav.,25–29,Vyras,1210
Šiaulių r. sav.,25–29,Moteris,1125
Šiaulių r. sav.,30–34,Vyras,1346
Šiaulių r. sav.,30–34,Moteris,1185
Šiaulių r. sav.,35–39,Vyras,1267
Šiaulių r. sav.,35–39,Moteris,1224
Šiaulių r. sav.,40–44,Vyras,1243
Šiaulių r. sav.,40–44,Moteris,1191
Šiaulių r. sav.,45–49,Vyras,1398
Šiaulių r. sav.,45–49,Moteris,1548
Šiaulių r. sav.,50–54,Vyras,1677
Šiaulių r. sav.,50–54,Moteris,1664
Šiaulių r. sav.,55–59,Vyras,1624
Šiaulių r. sav.,55–59,Moteris,1687
Šiaulių r. sav.,60–64,Vyras,1603
Šiaulių r. sav.,60–64,Moteris,1767
Šiaulių r. sav.,65–69,Vyras,1089
Šiaulių r. sav.,65–69,Moteris,1268
Šiaulių r. sav.,70–74,Vyras,744
Šiaulių r. sav.,70–74,Moteris,1141
Šiaulių r. sav.,75–79,Vyras,543
Šiaulių r. sav.,75–79,Moteris,973
Šiaulių r. sav.,80–84,Vyras,366
Šiaulių r. sav.,80–84,Moteris,828
Šiaulių r. sav.,85 ir vyresni,Vyras,246
Šiaulių r. sav.,85 ir vyresni,Moteris,768
Jurbarko r. sav.,0–4,Vyras,398
Jurbarko r. sav.,0–4,Moteris,433
Jurbarko r. sav.,5–9,Vyras,542
Jurbarko r. sav.,5–9,Moteris,483
Jurbarko r. sav.,10–14,Vyras,615
Jurbarko r. sav.,10–14,Moteris,545
Jurbarko r. sav.,15–19,Vyras,667
Jurbarko r. sav.,15–19,Moteris,620
Jurbarko r. sav.,20–24,Vyras,781
Jurbarko r. sav.,20–24,Moteris,656
Jurbarko r. sav.,25–29,Vyras,784
Jurbarko r. sav.,25–29,Moteris,676
Jurbarko r. sav.,30–34,Vyras,796
Jurbarko r. sav.,30–34,Moteris,691
Jurbarko r. sav.,35–39,Vyras,688
Jurbarko r. sav.,35–39,Moteris,579
Jurbarko r. sav.,40–44,Vyras,642
Jurbarko r. sav.,40–44,Moteris,662
Jurbarko r. sav.,45–49,Vyras,815
Jurbarko r. sav.,45–49,Moteris,796
Jurbarko r. sav.,50–54,Vyras,949
Jurbarko r. sav.,50–54,Moteris,1033
Jurbarko r. sav.,55–59,Vyras,992
Jurbarko r. sav.,55–59,Moteris,1081
Jurbarko r. sav.,60–64,Vyras,967
Jurbarko r. sav.,60–64,Moteris,1153
Jurbarko r. sav.,65–69,Vyras,673
Jurbarko r. sav.,65–69,Moteris,895
Jurbarko r. sav.,70–74,Vyras,515
Jurbarko r. sav.,70–74,Moteris,869
Jurbarko r. sav.,75–79,Vyras,356
Jurbarko r. sav.,75–79,Moteris,752
Jurbarko r. sav.,80–84,Vyras,222
Jurbarko r. sav.,80–84,Moteris,620
Jurbarko r. sav.,85 ir vyresni,Vyras,158
Jurbarko r. sav.,85 ir vyresni,Moteris,564
Pagėgių sav.,0–4,Vyras,142
Pagėgių sav.,0–4,Moteris,132
Pagėgių sav.,5–9,Vyras,185
Pagėgių sav.,5–9,Moteris,166
Pagėgių sav.,10–14,Vyras,172
Pagėgių sav.,10–14,Moteris,169
Pagėgių sav.,15–19,Vyras,196
Pagėgių sav.,15–19,Moteris,187
Pagėgių sav.,20–24,Vyras,232
Pagėgių sav.,20–24,Moteris,240
Pagėgių sav.,25–29,Vyras,228
Pagėgių sav.,25–29,Moteris,203
Pagėgių sav.,30–34,Vyras,201
Pagėgių sav.,30–34,Moteris,178
Pagėgių sav.,35–39,Vyras,189
Pagėgių sav.,35–39,Moteris,168
Pagėgių sav.,40–44,Vyras,208
Pagėgių sav.,40–44,Moteris,203
Pagėgių sav.,45–49,Vyras,242
Pagėgių sav.,45–49,Moteris,233
Pagėgių sav.,50–54,Vyras,321
Pagėgių sav.,50–54,Moteris,330
Pagėgių sav.,55–59,Vyras,294
Pagėgių sav.,55–59,Moteris,310
Pagėgių sav.,60–64,Vyras,295
Pagėgių sav.,60–64,Moteris,341
Pagėgių sav.,65–69,Vyras,200
Pagėgių sav.,65–69,Moteris,242
Pagėgių sav.,70–74,Vyras,131
Pagėgių sav.,70–74,Moteris,191
Pagėgių sav.,75–79,Vyras,67
Pagėgių sav.,75–79,Moteris,192
Pagėgių sav.,80–84,Vyras,46
Pagėgių sav.,80–84,Moteris,182
Pagėgių sav.,85 ir vyresni,Vyras,56
Pagėgių sav.,85 ir vyresni,Moteris,164
Šilalės r. sav.,0–4,Vyras,407
Šilalės r. sav.,0–4,Moteris,407
Šilalės r. sav.,5–9,Vyras,567
Šilalės r. sav.,5–9,Moteris,503
Šilalės r. sav.,10–14,Vyras,565
Šilalės r. sav.,10–14,Moteris,508
Šilalės r. sav.,15–19,Vyras,618
Šilalės r. sav.,15–19,Moteris,570
Šilalės r. sav.,20–24,Vyras,771
Šilalės r. sav.,20–24,Moteris,656
Šilalės r. sav.,25–29,Vyras,782
Šilalės r. sav.,25–29,Moteris,678
Šilalės r. sav.,30–34,Vyras,729
Šilalės r. sav.,30–34,Moteris,620
Šilalės r. sav.,35–39,Vyras,555
Šilalės r. sav.,35–39,Moteris,523
Šilalės r. sav.,40–44,Vyras,601
Šilalės r. sav.,40–44,Moteris,603
Šilalės r. sav.,45–49,Vyras,692
Šilalės r. sav.,45–49,Moteris,728
Šilalės r. sav.,50–54,Vyras,848
Šilalės r. sav.,50–54,Moteris,873
Šilalės r. sav.,55–59,Vyras,924
Šilalės r. sav.,55–59,Moteris,929
Šilalės r. sav.,60–64,Vyras,823
Šilalės r. sav.,60–64,Moteris,872
Šilalės r. sav.,65–69,Vyras,537
Šilalės r. sav.,65–69,Moteris,690
Šilalės r. sav.,70–74,Vyras,416
Šilalės r. sav.,70–74,Moteris,615
Šilalės r. sav.,75–79,Vyras,242
Šilalės r. sav.,75–79,Moteris,499
Šilalės r. sav.,80–84,Vyras,203
Šilalės r. sav.,80–84,Moteris,459
Šilalės r. sav.,85 ir vyresni,Vyras,125
Šilalės r. sav.,85 ir vyresni,Moteris,448
Tauragės r. sav.,0–4,Vyras,825
Tauragės r. sav.,0–4,Moteris,810
Tauragės r. sav.,5–9,Vyras,953
Tauragės r. sav.,5–9,Moteris,919
Tauragės r. sav.,10–14,Vyras,922
Tauragės r. sav.,10–14,Moteris,914
Tauragės r. sav.,15–19,Vyras,914
Tauragės r. sav.,15–19,Moteris,873
Tauragės r. sav.,20–24,Vyras,1019
Tauragės r. sav.,20–24,Moteris,962
Tauragės r. sav.,25–29,Vyras,1083
Tauragės r. sav.,25–29,Moteris,1089
Tauragės r. sav.,30–34,Vyras,1208
Tauragės r. sav.,30–34,Moteris,1193
Tauragės r. sav.,35–39,Vyras,1057
Tauragės r. sav.,35–39,Moteris,1076
Tauragės r. sav.,40–44,Vyras,1007
Tauragės r. sav.,40–44,Moteris,1062
Tauragės r. sav.,45–49,Vyras,1230
Tauragės r. sav.,45–49,Moteris,1403
Tauragės r. sav.,50–54,Vyras,1395
Tauragės r. sav.,50–54,Moteris,1570
Tauragės r. sav.,55–59,Vyras,1425
Tauragės r. sav.,55–59,Moteris,1580
Tauragės r. sav.,60–64,Vyras,1414
Tauragės r. sav.,60–64,Moteris,1684
Tauragės r. sav.,65–69,Vyras,954
Tauragės r. sav.,65–69,Moteris,1268
Tauragės r. sav.,70–74,Vyras,729
Tauragės r. sav.,70–74,Moteris,1206
Tauragės r. sav.,75–79,Vyras,453
Tauragės r. sav.,75–79,Moteris,978
Tauragės r. sav.,80–84,Vyras,350
Tauragės r. sav.,80–84,Moteris,837
Tauragės r. sav.,85 ir vyresni,Vyras,229
Tauragės r. sav.,85 ir vyresni,Moteris,812
Mažeikių r. sav.,0–4,Vyras,1125
Mažeikių r. sav.,0–4,Moteris,1051
Mažeikių r. sav.,5–9,Vyras,1371
Mažeikių r. sav.,5–9,Moteris,1358
Mažeikių r. sav.,10–14,Vyras,1509
Mažeikių r. sav.,10–14,Moteris,1330
Mažeikių r. sav.,15–19,Vyras,1332
Mažeikių r. sav.,15–19,Moteris,1337
Mažeikių r. sav.,20–24,Vyras,1445
Mažeikių r. sav.,20–24,Moteris,1415
Mažeikių r. sav.,25–29,Vyras,1585
Mažeikių r. sav.,25–29,Moteris,1444
Mažeikių r. sav.,30–34,Vyras,1661
Mažeikių r. sav.,30–34,Moteris,1547
Mažeikių r. sav.,35–39,Vyras,1592
Mažeikių r. sav.,35–39,Moteris,1511
Mažeikių r. sav.,40–44,Vyras,1545
Mažeikių r. sav.,40–44,Moteris,1516
Mažeikių r. sav.,45–49,Vyras,1741
Mažeikių r. sav.,45–49,Moteris,1957
Mažeikių r. sav.,50–54,Vyras,1925
Mažeikių r. sav.,50–54,Moteris,2175
Mažeikių r. sav.,55–59,Vyras,1925
Mažeikių r. sav.,55–59,Moteris,2215
Mažeikių r. sav.,60–64,Vyras,1974
Mažeikių r. sav.,60–64,Moteris,2427
Mažeikių r. sav.,65–69,Vyras,1322
Mažeikių r. sav.,65–69,Moteris,1764
Mažeikių r. sav.,70–74,Vyras,969
Mažeikių r. sav.,70–74,Moteris,1525
Mažeikių r. sav.,75–79,Vyras,537
Mažeikių r. sav.,75–79,Moteris,1183
Mažeikių r. sav.,80–84,Vyras,371
Mažeikių r. sav.,80–84,Moteris,863
Mažeikių r. sav.,85 ir vyresni,Vyras,239
Mažeikių r. sav.,85 ir vyresni,Moteris,826
Plungės r. sav.,0–4,Vyras,742
Plungės r. sav.,0–4,Moteris,730
Plungės r. sav.,5–9,Vyras,817
Plungės r. sav.,5–9,Moteris,806
Plungės r. sav.,10–14,Vyras,904
Plungės r. sav.,10–14,Moteris,829
Plungės r. sav.,15–19,Vyras,891
Plungės r. sav.,15–19,Moteris,828
Plungės r. sav.,20–24,Vyras,1002
Plungės r. sav.,20–24,Moteris,966
Plungės r. sav.,25–29,Vyras,1054
Plungės r. sav.,25–29,Moteris,1035
Plungės r. sav.,30–34,Vyras,1186
Plungės r. sav.,30–34,Moteris,1035
Plungės r. sav.,35–39,Vyras,948
Plungės r. sav.,35–39,Moteris,913
Plungės r. sav.,40–44,Vyras,854
Plungės r. sav.,40–44,Moteris,874
Plungės r. sav.,45–49,Vyras,1074
Plungės r. sav.,45–49,Moteris,1233
Plungės r. sav.,50–54,Vyras,1279
Plungės r. sav.,50–54,Moteris,1432
Plungės r. sav.,55–59,Vyras,1297
Plungės r. sav.,55–59,Moteris,1340
Plungės r. sav.,60–64,Vyras,1134
Plungės r. sav.,60–64,Moteris,1376
Plungės r. sav.,65–69,Vyras,814
Plungės r. sav.,65–69,Moteris,1051
Plungės r. sav.,70–74,Vyras,620
Plungės r. sav.,70–74,Moteris,1002
Plungės r. sav.,75–79,Vyras,446
Plungės r. sav.,75–79,Moteris,803
Plungės r. sav.,80–84,Vyras,297
Plungės r. sav.,80–84,Moteris,715
Plungės r. sav.,85 ir vyresni,Vyras,258
Plungės r. sav.,85 ir vyresni,Moteris,666
Rietavo sav.,0–4,Vyras,165
Rietavo sav.,0–4,Moteris,151
Rietavo sav.,5–9,Vyras,179
Rietavo sav.,5–9,Moteris,173
Rietavo sav.,10–14,Vyras,194
Rietavo sav.,10–14,Moteris,173
Rietavo sav.,15–19,Vyras,191
Rietavo sav.,15–19,Moteris,195
Rietavo sav.,20–24,Vyras,214
Rietavo sav.,20–24,Moteris,226
Rietavo sav.,25–29,Vyras,238
Rietavo sav.,25–29,Moteris,220
Rietavo sav.,30–34,Vyras,262
Rietavo sav.,30–34,Moteris,216
Rietavo sav.,35–39,Vyras,233
Rietavo sav.,35–39,Moteris,200
Rietavo sav.,40–44,Vyras,196
Rietavo sav.,40–44,Moteris,193
Rietavo sav.,45–49,Vyras,227
Rietavo sav.,45–49,Moteris,199
Rietavo sav.,50–54,Vyras,272
Rietavo sav.,50–54,Moteris,283
Rietavo sav.,55–59,Vyras,295
Rietavo sav.,55–59,Moteris,327
Rietavo sav.,60–64,Vyras,288
Rietavo sav.,60–64,Moteris,317
Rietavo sav.,65–69,Vyras,194
Rietavo sav.,65–69,Moteris,212
Rietavo sav.,70–74,Vyras,131
Rietavo sav.,70–74,Moteris,197
Rietavo sav.,75–79,Vyras,83
Rietavo sav.,75–79,Moteris,171
Rietavo sav.,80–84,Vyras,75
Rietavo sav.,80–84,Moteris,182
Rietavo sav.,85 ir vyresni,Vyras,52
Rietavo sav.,85 ir vyresni,Moteris,168
Telšių r. sav.,0–4,Vyras,836
Telšių r. sav.,0–4,Moteris,720
Telšių r. sav.,5–9,Vyras,918
Telšių r. sav.,5–9,Moteris,949
Telšių r. sav.,10–14,Vyras,1025
Telšių r. sav.,10–14,Moteris,955
Telšių r. sav.,15–19,Vyras,1048
Telšių r. sav.,15–19,Moteris,1028
Telšių r. sav.,20–24,Vyras,1140
Telšių r. sav.,20–24,Moteris,1029
Telšių r. sav.,25–29,Vyras,1209
Telšių r. sav.,25–29,Moteris,1109
Telšių r. sav.,30–34,Vyras,1294
Telšių r. sav.,30–34,Moteris,1145
Telšių r. sav.,35–39,Vyras,1173
Telšių r. sav.,35–39,Moteris,1058
Telšių r. sav.,40–44,Vyras,1068
Telšių r. sav.,40–44,Moteris,1137
Telšių r. sav.,45–49,Vyras,1226
Telšių r. sav.,45–49,Moteris,1437
Telšių r. sav.,50–54,Vyras,1438
Telšių r. sav.,50–54,Moteris,1550
Telšių r. sav.,55–59,Vyras,1492
Telšių r. sav.,55–59,Moteris,1681
Telšių r. sav.,60–64,Vyras,1524
Telšių r. sav.,60–64,Moteris,1796
Telšių r. sav.,65–69,Vyras,994
Telšių r. sav.,65–69,Moteris,1449
Telšių r. sav.,70–74,Vyras,800
Telšių r. sav.,70–74,Moteris,1236
Telšių r. sav.,75–79,Vyras,553
Telšių r. sav.,75–79,Moteris,1061
Telšių r. sav.,80–84,Vyras,381
Telšių r. sav.,80–84,Moteris,927
Telšių r. sav.,85 ir vyresni,Vyras,284
Telšių r. sav.,85 ir vyresni,Moteris,866
Anykščių r. sav.,0–4,Vyras,355
Anykščių r. sav.,0–4,Moteris,335
Anykščių r. sav.,5–9,Vyras,450
Anykščių r. sav.,5–9,Moteris,403
Anykščių r. sav.,10–14,Vyras,457
Anykščių r. sav.,10–14,Moteris,395
Anykščių r. sav.,15–19,Vyras,512
Anykščių r. sav.,15–19,Moteris,530
Anykščių r. sav.,20–24,Vyras,590
Anykščių r. sav.,20–24,Moteris,606
Anykščių r. sav.,25–29,Vyras,660
Anykščių r. sav.,25–29,Moteris,571
Anykščių r. sav.,30–34,Vyras,749
Anykščių r. sav.,30–34,Moteris,583
Anykščių r. sav.,35–39,Vyras,612
Anykščių r. sav.,35–39,Moteris,553
Anykščių r. sav.,40–44,Vyras,613
Anykščių r. sav.,40–44,Moteris,564
Anykščių r. sav.,45–49,Vyras,751
Anykščių r. sav.,45–49,Moteris,693
Anykščių r. sav.,50–54,Vyras,892
Anykščių r. sav.,50–54,Moteris,1012
Anykščių r. sav.,55–59,Vyras,1064
Anykščių r. sav.,55–59,Moteris,1083
Anykščių r. sav.,60–64,Vyras,958
Anykščių r. sav.,60–64,Moteris,1064
Anykščių r. sav.,65–69,Vyras,619
Anykščių r. sav.,65–69,Moteris,818
Anykščių r. sav.,70–74,Vyras,510
Anykščių r. sav.,70–74,Moteris,728
Anykščių r. sav.,75–79,Vyras,360
Anykščių r. sav.,75–79,Moteris,764
Anykščių r. sav.,80–84,Vyras,301
Anykščių r. sav.,80–84,Moteris,725
Anykščių r. sav.,85 ir vyresni,Vyras,229
Anykščių r. sav.,85 ir vyresni,Moteris,685
Ignalinos r. sav.,0–4,Vyras,202
Ignalinos r. sav.,0–4,Moteris,189
Ignalinos r. sav.,5–9,Vyras,266
Ignalinos r. sav.,5–9,Moteris,228
Ignalinos r. sav.,10–14,Vyras,289
Ignalinos r. sav.,10–14,Moteris,256
Ignalinos r. sav.,15–19,Vyras,338
Ignalinos r. sav.,15–19,Moteris,283
Ignalinos r. sav.,20–24,Vyras,396
Ignalinos r. sav.,20–24,Moteris,361
Ignalinos r. sav.,25–29,Vyras,430
Ignalinos r. sav.,25–29,Moteris,373
Ignalinos r. sav.,30–34,Vyras,474
Ignalinos r. sav.,30–34,Moteris,359
Ignalinos r. sav.,35–39,Vyras,386
Ignalinos r. sav.,35–39,Moteris,351
Ignalinos r. sav.,40–44,Vyras,436
Ignalinos r. sav.,40–44,Moteris,350
Ignalinos r. sav.,45–49,Vyras,519
Ignalinos r. sav.,45–49,Moteris,520
Ignalinos r. sav.,50–54,Vyras,596
Ignalinos r. sav.,50–54,Moteris,563
Ignalinos r. sav.,55–59,Vyras,653
Ignalinos r. sav.,55–59,Moteris,629
Ignalinos r. sav.,60–64,Vyras,572
Ignalinos r. sav.,60–64,Moteris,660
Ignalinos r. sav.,65–69,Vyras,386
Ignalinos r. sav.,65–69,Moteris,533
Ignalinos r. sav.,70–74,Vyras,342
Ignalinos r. sav.,70–74,Moteris,545
Ignalinos r. sav.,75–79,Vyras,229
Ignalinos r. sav.,75–79,Moteris,492
Ignalinos r. sav.,80–84,Vyras,191
Ignalinos r. sav.,80–84,Moteris,448
Ignalinos r. sav.,85 ir vyresni,Vyras,140
Ignalinos r. sav.,85 ir vyresni,Moteris,479
Molėtų r. sav.,0–4,Vyras,294
Molėtų r. sav.,0–4,Moteris,221
Molėtų r. sav.,5–9,Vyras,306
Molėtų r. sav.,5–9,Moteris,319
Molėtų r. sav.,10–14,Vyras,358
Molėtų r. sav.,10–14,Moteris,327
Molėtų r. sav.,15–19,Vyras,376
Molėtų r. sav.,15–19,Moteris,389
Molėtų r. sav.,20–24,Vyras,490
Molėtų r. sav.,20–24,Moteris,454
Molėtų r. sav.,25–29,Vyras,586
Molėtų r. sav.,25–29,Moteris,513
Molėtų r. sav.,30–34,Vyras,582
Molėtų r. sav.,30–34,Moteris,449
Molėtų r. sav.,35–39,Vyras,498
Molėtų r. sav.,35–39,Moteris,421
Molėtų r. sav.,40–44,Vyras,486
Molėtų r. sav.,40–44,Moteris,461
Molėtų r. sav.,45–49,Vyras,623
Molėtų r. sav.,45–49,Moteris,626
Molėtų r. sav.,50–54,Vyras,747
Molėtų r. sav.,50–54,Moteris,690
Molėtų r. sav.,55–59,Vyras,735
Molėtų r. sav.,55–59,Moteris,694
Molėtų r. sav.,60–64,Vyras,626
Molėtų r. sav.,60–64,Moteris,701
Molėtų r. sav.,65–69,Vyras,456
Molėtų r. sav.,65–69,Moteris,582
Molėtų r. sav.,70–74,Vyras,364
Molėtų r. sav.,70–74,Moteris,535
Molėtų r. sav.,75–79,Vyras,231
Molėtų r. sav.,75–79,Moteris,483
Molėtų r. sav.,80–84,Vyras,197
Molėtų r. sav.,80–84,Moteris,464
Molėtų r. sav.,85 ir vyresni,Vyras,152
Molėtų r. sav.,85 ir vyresni,Moteris,490
Utenos r. sav.,0–4,Vyras,673
Utenos r. sav.,0–4,Moteris,635
Utenos r. sav.,5–9,Vyras,711
Utenos r. sav.,5–9,Moteris,719
Utenos r. sav.,10–14,Vyras,814
Utenos r. sav.,10–14,Moteris,745
Utenos r. sav.,15–19,Vyras,740
Utenos r. sav.,15–19,Moteris,727
Utenos r. sav.,20–24,Vyras,900
Utenos r. sav.,20–24,Moteris,913
Utenos r. sav.,25–29,Vyras,1101
Utenos r. sav.,25–29,Moteris,1034
Utenos r. sav.,30–34,Vyras,1282
Utenos r. sav.,30–34,Moteris,1093
Utenos r. sav.,35–39,Vyras,1197
Utenos r. sav.,35–39,Moteris,1045
Utenos r. sav.,40–44,Vyras,1092
Utenos r. sav.,40–44,Moteris,1019
Utenos r. sav.,45–49,Vyras,1267
Utenos r. sav.,45–49,Moteris,1283
Utenos r. sav.,50–54,Vyras,1474
Utenos r. sav.,50–54,Moteris,1615
Utenos r. sav.,55–59,Vyras,1566
Utenos r. sav.,55–59,Moteris,1678
Utenos r. sav.,60–64,Vyras,1505
Utenos r. sav.,60–64,Moteris,1780
Utenos r. sav.,65–69,Vyras,1027
Utenos r. sav.,65–69,Moteris,1424
Utenos r. sav.,70–74,Vyras,763
Utenos r. sav.,70–74,Moteris,1250
Utenos r. sav.,75–79,Vyras,602
Utenos r. sav.,75–79,Moteris,1092
Utenos r. sav.,80–84,Vyras,408
Utenos r. sav.,80–84,Moteris,925
Utenos r. sav.,85 ir vyresni,Vyras,260
Utenos r. sav.,85 ir vyresni,Moteris,907
Visagino sav.,0–4,Vyras,379
Visagino sav.,0–4,Moteris,306
Visagino sav.,5–9,Vyras,467
Visagino sav.,5–9,Moteris,438
Visagino sav.,10–14,Vyras,443
Visagino sav.,10–14,Moteris,447
Visagino sav.,15–19,Vyras,407
Visagino sav.,15–19,Moteris,357
Visagino sav.,20–24,Vyras,396
Visagino sav.,20–24,Moteris,312
Visagino sav.,25–29,Vyras,368
Visagino sav.,25–29,Moteris,335
Visagino sav.,30–34,Vyras,510
Visagino sav.,30–34,Moteris,491
Visagino sav.,35–39,Vyras,656
Visagino sav.,35–39,Moteris,553
Visagino sav.,40–44,Vyras,517
Visagino sav.,40–44,Moteris,507
Visagino sav.,45–49,Vyras,525
Visagino sav.,45–49,Moteris,584
Visagino sav.,50–54,Vyras,549
Visagino sav.,50–54,Moteris,718
Visagino sav.,55–59,Vyras,820
Visagino sav.,55–59,Moteris,1064
Visagino sav.,60–64,Vyras,1220
Visagino sav.,60–64,Moteris,1535
Visagino sav.,65–69,Vyras,843
Visagino sav.,65–69,Moteris,1119
Visagino sav.,70–74,Vyras,506
Visagino sav.,70–74,Moteris,738
Visagino sav.,75–79,Vyras,183
Visagino sav.,75–79,Moteris,321
Visagino sav.,80–84,Vyras,174
Visagino sav.,80–84,Moteris,364
Visagino sav.,85 ir vyresni,Vyras,67
Visagino sav.,85 ir vyresni,Moteris,185
Zarasų r. sav.,0–4,Vyras,223
Zarasų r. sav.,0–4,Moteris,243
Zarasų r. sav.,5–9,Vyras,279
Zarasų r. sav.,5–9,Moteris,286
Zarasų r. sav.,10–14,Vyras,336
Zarasų r. sav.,10–14,Moteris,293
Zarasų r. sav.,15–19,Vyras,361
Zarasų r. sav.,15–19,Moteris,312
Zarasų r. sav.,20–24,Vyras,410
Zarasų r. sav.,20–24,Moteris,381
Zarasų r. sav.,25–29,Vyras,442
Zarasų r. sav.,25–29,Moteris,366
Zarasų r. sav.,30–34,Vyras,484
Zarasų r. sav.,30–34,Moteris,403
Zarasų r. sav.,35–39,Vyras,391
Zarasų r. sav.,35–39,Moteris,363
Zarasų r. sav.,40–44,Vyras,418
Zarasų r. sav.,40–44,Moteris,367
Zarasų r. sav.,45–49,Vyras,526
Zarasų r. sav.,45–49,Moteris,478
Zarasų r. sav.,50–54,Vyras,623
Zarasų r. sav.,50–54,Moteris,611
Zarasų r. sav.,55–59,Vyras,667
Zarasų r. sav.,55–59,Moteris,685
Zarasų r. sav.,60–64,Vyras,599
Zarasų r. sav.,60–64,Moteris,706
Zarasų r. sav.,65–69,Vyras,418
Zarasų r. sav.,65–69,Moteris,543
Zarasų r. sav.,70–74,Vyras,310
Zarasų r. sav.,70–74,Moteris,532
Zarasų r. sav.,75–79,Vyras,226
Zarasų r. sav.,75–79,Moteris,408
Zarasų r. sav.,80–84,Vyras,144
Zarasų r. sav.,80–84,Moteris,413
Zarasų r. sav.,85 ir vyresni,Vyras,135
Zarasų r. sav.,85 ir vyresni,Moteris,408
